,peak_velocity,start_timestamp,end_x,eye,start_x,start_y,duration,length,end_y,end_timestamp
0,348.0,3546454.0,945.5,R,1093.2,588.3,27.0,4.23,579.7,3546480.0
1,67.0,3546732.0,916.7,R,938.0,567.2,10.0,0.62,570.2,3546741.0
2,135.0,3547938.0,931.2,R,894.6,556.1,22.0,1.12,569.4,3547959.0
3,58.0,3548128.0,919.2,R,933.2,562.3,7.0,0.43,556.8,3548134.0
4,289.0,3549328.0,955.8,R,891.8,531.5,36.0,3.07,611.9,3549363.0
5,223.0,3549647.0,902.2,R,965.8,597.0,22.0,2.3,551.3,3549668.0
6,96.0,3550213.0,940.4,R,927.9,549.4,26.0,1.12,514.6,3550238.0
7,47.0,3550438.0,930.7,R,942.4,524.6,7.0,0.34,526.8,3550444.0
8,100.0,3551238.0,914.6,R,895.8,585.3,21.0,0.69,599.5,3551258.0
9,158.0,3551425.0,910.2,R,901.1,600.2,33.0,2.06,667.0,3551457.0
10,168.0,3551589.0,869.5,R,913.0,655.3,22.0,1.87,701.1,3551610.0
11,272.0,3552081.0,950.5,R,884.5,673.9,26.0,3.55,575.8,3552106.0
12,110.0,3552287.0,908.1,R,944.2,560.7,16.0,1.04,558.6,3552302.0
13,112.0,3552706.0,945.6,R,921.0,556.5,20.0,0.71,553.4,3552725.0
14,91.0,3553031.0,937.4,R,933.5,575.3,17.0,0.97,606.9,3553047.0
15,145.0,3553318.0,959.6,R,938.2,590.5,20.0,1.53,636.2,3553337.0
16,142.0,3553819.0,929.4,R,947.9,644.6,30.0,2.78,555.2,3553848.0
17,87.0,3554083.0,896.0,R,925.1,567.3,12.0,0.84,564.4,3554094.0
18,84.0,3554368.0,928.3,R,899.6,558.0,13.0,0.83,562.0,3554380.0
19,2932.0,3554597.0,997.1,R,921.5,572.1,2088.0,3.17,496.5,3556684.0
20,634.0,3556822.0,923.4,R,1029.5,481.6,45.0,5.19,619.3,3556866.0
21,334.0,3557020.0,992.8,R,971.1,678.4,26.0,2.68,593.1,3557045.0
22,86.0,3557228.0,967.4,R,984.6,595.2,17.0,0.51,599.6,3557244.0
23,145.0,3557834.0,975.5,R,929.6,548.3,20.0,1.39,562.7,3557853.0
24,93.0,3558072.0,924.8,R,949.4,556.9,13.0,0.89,539.2,3558084.0
25,349.0,3558470.0,1030.5,R,916.6,515.2,36.0,3.29,527.9,3558505.0
26,250.0,3558644.0,943.2,R,1034.8,507.7,24.0,2.64,498.5,3558667.0
27,84.0,3558868.0,927.8,R,957.7,505.9,13.0,0.86,509.0,3558880.0
28,2324.0,3560399.0,1011.6,R,943.1,501.0,154.0,1.97,497.9,3560552.0
29,324.0,3560702.0,892.5,R,985.3,489.3,29.0,2.71,471.2,3560730.0
30,122.0,3560889.0,925.9,R,911.2,492.8,18.0,1.36,535.1,3560906.0
31,135.0,3561268.0,927.5,R,962.8,531.4,22.0,1.02,535.2,3561289.0
32,127.0,3561440.0,969.3,R,927.8,533.9,18.0,1.23,524.2,3561457.0
33,50.0,3561837.0,935.5,R,948.2,537.9,7.0,0.37,535.8,3561843.0
34,132.0,3562486.0,920.6,R,909.8,509.8,26.0,0.86,536.1,3562511.0
35,72.0,3563358.0,899.6,R,910.4,517.2,13.0,0.66,536.3,3563370.0
36,182.0,3563549.0,954.9,R,900.0,527.8,23.0,1.66,544.7,3563571.0
37,151.0,3563755.0,895.5,R,947.9,532.9,22.0,1.56,519.3,3563776.0
38,1806.0,3564142.0,936.7,R,889.9,503.4,170.0,1.47,523.1,3564311.0
39,216.0,3564480.0,861.3,R,938.9,499.2,22.0,2.23,504.3,3564501.0
40,103.0,3564698.0,920.4,R,888.6,505.4,16.0,0.96,515.7,3564713.0
41,305.0,3566185.0,1022.0,R,906.2,490.9,26.0,3.33,500.9,3566210.0
42,352.0,3566403.0,920.4,R,1017.5,505.5,31.0,2.87,482.4,3566433.0
43,112.0,3566653.0,926.3,R,912.0,484.2,20.0,0.83,508.0,3566672.0
44,93.0,3567022.0,882.5,R,913.4,527.5,15.0,0.93,517.9,3567036.0
45,110.0,3567208.0,911.8,R,880.6,522.7,20.0,0.89,522.1,3567227.0
46,150.0,3567827.0,938.5,R,899.2,534.8,22.0,1.21,520.4,3567848.0
47,84.0,3568036.0,902.5,R,930.6,508.0,12.0,0.88,519.9,3568047.0
48,93.0,3568276.0,894.0,R,913.5,516.3,20.0,0.56,518.6,3568295.0
49,232.0,3568706.0,1002.0,R,921.4,516.0,23.0,2.38,534.2,3568728.0
50,281.0,3568928.0,892.4,R,982.1,512.0,24.0,2.62,495.8,3568951.0
51,119.0,3569215.0,908.9,R,883.9,492.5,22.0,0.79,503.3,3569236.0
52,56.0,3569479.0,900.6,R,916.9,508.0,9.0,0.47,505.5,3569487.0
53,164.0,3569813.0,958.8,R,912.8,498.7,23.0,1.32,498.7,3569835.0
54,102.0,3570019.0,919.2,R,952.8,501.6,16.0,0.97,498.4,3570034.0
55,48.0,3570398.0,915.6,R,926.1,480.8,6.0,0.32,477.1,3570403.0
56,186.0,3570884.0,865.4,R,925.3,498.8,19.0,1.94,528.8,3570902.0
57,258.0,3571159.0,937.8,R,865.6,507.4,24.0,2.43,465.3,3571182.0
58,62.0,3571573.0,939.1,R,944.4,481.4,13.0,0.69,503.6,3571585.0
59,108.0,3572697.0,915.1,R,895.5,462.2,22.0,0.56,462.4,3572718.0
60,45.0,3573186.0,929.7,R,939.5,489.6,7.0,0.32,494.6,3573192.0
61,112.0,3573493.0,950.3,R,937.7,523.3,22.0,0.36,521.8,3573514.0
62,61.0,3573736.0,924.6,R,941.1,524.5,9.0,0.49,520.3,3573744.0
63,95.0,3574032.0,928.3,R,910.4,504.2,21.0,0.52,506.5,3574052.0
64,54.0,3574337.0,919.6,R,932.3,514.0,7.0,0.36,514.5,3574343.0
65,90.0,3574643.0,939.9,R,909.9,507.1,13.0,0.89,515.0,3574655.0
66,69.0,3574881.0,914.2,R,932.1,501.3,16.0,0.52,503.2,3574896.0
67,49.0,3575400.0,908.2,R,919.0,511.6,6.0,0.33,507.5,3575405.0
68,89.0,3575738.0,930.5,R,903.4,505.0,11.0,0.78,502.0,3575748.0
69,109.0,3576551.0,935.4,R,899.6,530.5,20.0,1.03,532.5,3576570.0
70,113.0,3576752.0,910.7,R,940.9,545.6,19.0,0.94,533.8,3576770.0
71,109.0,3577084.0,942.2,R,919.2,527.1,21.0,0.66,528.6,3577104.0
72,104.0,3577787.0,947.9,R,942.6,525.3,26.0,0.22,530.3,3577812.0
73,55.0,3578121.0,931.8,R,951.2,519.8,11.0,0.56,521.4,3578131.0
74,126.0,3578399.0,956.8,R,933.7,528.8,23.0,0.89,548.3,3578421.0
75,58.0,3578705.0,941.7,R,947.4,541.8,11.0,0.58,523.5,3578715.0
76,158.0,3580175.0,985.9,R,931.0,526.7,22.0,1.59,533.8,3580196.0
77,135.0,3580459.0,937.4,R,981.8,544.4,19.0,1.29,537.6,3580477.0
78,92.0,3580845.0,940.7,R,927.1,523.9,20.0,0.54,535.9,3580864.0
79,124.0,3581408.0,974.7,R,951.5,541.9,23.0,0.68,546.9,3581430.0
80,77.0,3582033.0,933.7,R,954.9,537.9,19.0,0.61,538.5,3582051.0
81,120.0,3582296.0,966.9,R,943.2,543.4,21.0,0.68,540.9,3582316.0
82,51.0,3582664.0,959.2,R,973.9,543.3,9.0,0.42,544.7,3582672.0
83,111.0,3582922.0,989.1,R,960.1,557.4,22.0,0.86,564.5,3582943.0
84,46.0,3583845.0,979.5,R,979.0,543.5,16.0,0.47,528.1,3583860.0
85,55.0,3584066.0,977.9,R,975.1,516.3,6.0,0.33,526.9,3584071.0
86,181.0,3584350.0,999.2,R,963.0,523.1,22.0,1.46,556.6,3584371.0
87,116.0,3584620.0,965.7,R,997.8,577.4,21.0,1.14,555.6,3584640.0
88,129.0,3584996.0,979.9,R,959.9,565.3,21.0,0.97,590.9,3585016.0
89,65.0,3585438.0,963.0,R,977.7,605.6,10.0,0.57,592.9,3585447.0
90,97.0,3585868.0,972.3,R,953.1,594.1,19.0,0.56,590.8,3585886.0
91,69.0,3587432.0,949.5,R,967.4,598.4,7.0,0.54,603.6,3587438.0
92,44.0,3587938.0,952.6,R,951.8,590.2,6.0,0.23,582.6,3587943.0
93,103.0,3588505.0,960.5,R,952.5,572.1,22.0,0.66,592.5,3588526.0
94,59.0,3588881.0,950.8,R,959.0,587.9,8.0,0.44,575.7,3588888.0
95,113.0,3589193.0,991.0,R,955.7,576.2,18.0,1.01,576.9,3589210.0
96,63.0,3589396.0,963.7,R,983.3,580.0,10.0,0.56,579.9,3589405.0
97,143.0,3590058.0,982.5,R,949.4,568.5,24.0,0.95,566.1,3590081.0
98,88.0,3590482.0,926.7,R,948.1,559.2,19.0,0.61,560.0,3590500.0
99,69.0,3590798.0,920.0,R,939.6,566.5,9.0,0.58,561.4,3590806.0
100,132.0,3591011.0,955.8,R,926.8,577.9,22.0,0.84,582.5,3591032.0
101,58.0,3591280.0,932.1,R,947.5,592.9,8.0,0.44,592.8,3591287.0
102,72.0,3591867.0,961.9,R,948.1,608.4,15.0,0.43,603.2,3591881.0
103,60.0,3592412.0,946.3,R,959.9,598.4,8.0,0.47,589.9,3592419.0
104,94.0,3592624.0,959.3,R,935.2,591.4,19.0,0.7,595.1,3592642.0
105,102.0,3593576.0,974.9,R,950.2,596.3,20.0,0.75,604.8,3593595.0
106,53.0,3593854.0,949.8,R,961.2,606.3,6.0,0.34,603.2,3593859.0
107,66.0,3594625.0,953.5,R,947.5,608.8,17.0,0.2,612.0,3594641.0
108,50.0,3595728.0,952.0,R,955.2,596.2,14.0,0.34,585.6,3595741.0
109,146.0,3596401.0,1003.5,R,952.0,590.2,20.0,1.48,595.0,3596420.0
110,152.0,3596707.0,943.1,R,995.1,592.6,19.0,1.5,588.5,3596725.0
111,138.0,3597566.0,929.3,R,922.1,583.7,27.0,0.87,611.2,3597592.0
112,69.0,3599439.0,958.2,R,949.9,525.2,15.0,0.57,508.1,3599453.0
113,63.0,3599860.0,983.6,R,976.8,536.6,17.0,0.24,541.1,3599876.0
114,60.0,3600659.0,940.0,R,955.6,556.6,9.0,0.48,550.8,3600667.0
115,149.0,3601307.0,962.0,R,932.4,572.9,22.0,0.89,581.6,3601328.0
116,67.0,3601511.0,940.5,R,958.4,567.9,8.0,0.52,566.0,3601518.0
117,2006.0,3602417.0,904.5,R,940.2,578.7,224.0,2.06,637.3,3602640.0
118,2545.0,3602717.0,920.6,R,915.2,596.4,123.0,0.84,569.4,3602839.0
119,1475.0,3602886.0,979.3,R,917.4,558.0,119.0,2.02,589.9,3603004.0
120,67.0,3603674.0,947.5,R,956.8,609.2,15.0,0.52,623.7,3603688.0
121,130.0,3604219.0,952.6,R,927.4,587.4,22.0,0.74,593.0,3604240.0
122,101.0,3607661.0,928.7,R,929.2,538.7,24.0,0.54,520.9,3607684.0
123,91.0,3608245.0,926.0,R,920.3,539.6,20.0,0.19,536.2,3608264.0
124,85.0,3608460.0,925.0,R,918.0,528.4,21.0,0.73,551.2,3608480.0
125,57.0,3608970.0,924.3,R,939.1,562.6,7.0,0.42,563.5,3608976.0
126,112.0,3609209.0,927.5,R,922.8,555.4,28.0,0.46,569.9,3609236.0
127,121.0,3609639.0,951.2,R,933.9,572.7,24.0,0.63,585.5,3609662.0
128,133.0,3609969.0,982.7,R,943.1,588.0,22.0,1.15,594.3,3609990.0
129,73.0,3610168.0,959.1,R,983.3,595.8,12.0,0.7,593.3,3610179.0
130,126.0,3610876.0,955.5,R,931.9,594.6,22.0,0.68,592.6,3610897.0
131,57.0,3612374.0,959.8,R,958.1,572.6,17.0,0.18,578.3,3612390.0
132,107.0,3612687.0,974.4,R,950.4,586.5,19.0,0.69,584.5,3612705.0
133,90.0,3612943.0,945.2,R,969.2,572.0,19.0,0.69,569.4,3612961.0
134,102.0,3613338.0,948.4,R,945.0,576.4,28.0,0.55,594.1,3613365.0
135,123.0,3613647.0,983.0,R,948.6,589.0,20.0,1.0,584.3,3613666.0
136,64.0,3613868.0,951.2,R,968.9,592.1,9.0,0.53,587.3,3613876.0
137,78.0,3614165.0,952.4,R,944.6,581.6,18.0,0.31,588.4,3614182.0
138,64.0,3615064.0,942.4,R,960.9,586.4,10.0,0.58,578.9,3615073.0
139,128.0,3615302.0,958.5,R,927.8,571.5,22.0,0.91,578.8,3615323.0
140,131.0,3615787.0,989.3,R,945.5,595.1,19.0,1.26,600.2,3615805.0
141,94.0,3616080.0,935.3,R,965.8,610.0,14.0,0.89,604.7,3616093.0
142,126.0,3616401.0,958.8,R,934.5,597.5,23.0,0.75,606.6,3616423.0
143,66.0,3616633.0,929.1,R,948.9,596.5,10.0,0.57,596.5,3616642.0
144,96.0,3617659.0,930.7,R,909.4,581.4,19.0,0.67,572.2,3617677.0
145,69.0,3618053.0,920.2,R,917.1,572.8,19.0,0.43,586.7,3618071.0
146,54.0,3618510.0,947.0,R,944.5,599.2,17.0,0.47,583.9,3618526.0
147,66.0,3619238.0,947.7,R,947.4,603.8,17.0,0.76,628.5,3619254.0
148,68.0,3620047.0,948.3,R,940.7,608.1,17.0,0.27,603.0,3620063.0
149,53.0,3620460.0,937.0,R,949.1,586.4,7.0,0.35,586.7,3620466.0
150,108.0,3620765.0,955.9,R,941.0,593.2,22.0,0.43,594.2,3620786.0
151,104.0,3621361.0,937.9,R,953.2,600.7,18.0,0.47,595.6,3621378.0
152,161.0,3621784.0,939.0,R,910.9,590.6,26.0,0.92,605.2,3621809.0
153,108.0,3622403.0,888.4,R,930.1,608.1,18.0,1.2,606.8,3622420.0
154,162.0,3623118.0,942.4,R,905.8,592.2,30.0,1.08,600.5,3623147.0
155,52.0,3624048.0,918.4,R,928.8,578.2,9.0,0.39,570.2,3624056.0
156,128.0,3624647.0,950.7,R,914.7,573.0,22.0,1.05,579.6,3624668.0
157,49.0,3625078.0,960.5,R,948.5,591.5,13.0,0.41,599.0,3625090.0
158,138.0,3625331.0,928.9,R,966.6,600.0,21.0,1.15,587.5,3625351.0
159,97.0,3625660.0,940.9,R,933.5,596.1,23.0,0.64,616.0,3625682.0
160,105.0,3626167.0,952.0,R,942.7,612.3,26.0,0.67,632.3,3626192.0
161,77.0,3626538.0,950.8,R,946.5,605.8,12.0,0.66,584.5,3626549.0
162,76.0,3626766.0,934.5,R,956.7,597.3,10.0,0.66,591.9,3626775.0
163,3257.0,3627314.0,938.7,R,930.1,588.1,216.0,3.37,698.1,3627529.0
164,236.0,3627697.0,929.0,R,952.9,675.4,23.0,2.37,601.3,3627719.0
165,112.0,3627985.0,953.2,R,936.2,628.2,20.0,0.49,625.4,3628004.0
166,90.0,3628477.0,945.5,R,965.5,610.5,22.0,0.66,621.0,3628498.0
167,140.0,3628724.0,976.3,R,939.5,610.4,22.0,1.06,614.7,3628745.0
168,76.0,3628989.0,952.8,R,970.6,596.0,17.0,0.51,593.7,3629005.0
169,162.0,3629539.0,972.2,R,938.6,578.3,23.0,0.96,577.1,3629561.0
170,96.0,3629767.0,939.7,R,966.7,579.1,16.0,0.79,574.4,3629782.0
171,70.0,3630207.0,918.3,R,928.2,594.4,19.0,0.34,588.2,3630225.0
172,115.0,3630538.0,931.1,R,919.9,574.9,22.0,0.52,588.2,3630559.0
173,104.0,3630978.0,946.5,R,944.7,595.8,24.0,0.22,588.8,3631001.0
174,79.0,3631424.0,938.3,R,948.6,566.6,10.0,0.68,586.5,3631433.0
175,112.0,3631960.0,983.7,R,959.8,602.0,21.0,0.73,594.0,3631980.0
176,103.0,3632202.0,952.5,R,985.7,602.4,18.0,1.02,614.7,3632219.0
177,97.0,3632621.0,978.7,R,958.2,612.8,20.0,0.67,602.4,3632640.0
178,93.0,3632975.0,950.9,R,972.2,603.2,16.0,0.68,613.2,3632990.0
179,159.0,3633562.0,992.0,R,937.9,605.8,19.0,1.55,609.5,3633580.0
180,125.0,3633753.0,941.9,R,984.6,605.6,20.0,1.22,605.6,3633772.0
181,133.0,3634172.0,959.0,R,938.3,617.3,23.0,0.67,627.4,3634194.0
182,121.0,3634369.0,902.2,R,946.1,622.5,16.0,1.28,614.1,3634384.0
183,186.0,3634672.0,964.8,R,901.7,601.6,21.0,1.81,599.4,3634692.0
184,104.0,3636353.0,912.2,R,947.9,598.2,16.0,1.06,588.8,3636368.0
185,93.0,3636603.0,951.7,R,929.2,581.5,18.0,0.66,577.5,3636620.0
186,50.0,3637200.0,946.0,R,949.0,621.2,7.0,0.35,632.2,3637206.0
187,70.0,3637539.0,956.2,R,954.9,627.1,16.0,0.34,616.0,3637554.0
188,97.0,3638474.0,966.0,R,944.6,620.3,18.0,0.64,626.7,3638491.0
189,86.0,3638879.0,968.1,R,949.7,615.7,22.0,0.53,617.6,3638900.0
190,60.0,3639293.0,951.4,R,962.4,620.1,8.0,0.39,627.5,3639300.0
191,100.0,3639707.0,981.0,R,947.1,640.2,17.0,0.97,639.1,3639723.0
192,106.0,3640837.0,975.9,R,956.0,631.9,21.0,0.57,630.7,3640857.0
193,57.0,3641598.0,937.0,R,950.6,615.8,9.0,0.49,625.6,3641606.0
194,126.0,3641977.0,972.2,R,939.5,618.8,23.0,0.95,623.2,3641999.0
195,82.0,3642431.0,947.5,R,976.6,606.5,14.0,0.83,605.8,3642444.0
196,115.0,3642675.0,983.7,R,955.7,607.8,22.0,0.8,607.8,3642696.0
197,216.0,3643423.0,866.3,R,955.6,625.5,24.0,2.56,629.7,3643446.0
198,196.0,3643699.0,951.5,R,880.6,625.2,21.0,2.06,637.2,3643719.0
199,104.0,3644099.0,971.6,R,939.0,640.4,16.0,0.99,629.2,3644114.0
200,100.0,3645045.0,974.0,R,949.4,627.2,19.0,0.71,626.7,3645063.0
201,134.0,3645353.0,913.7,R,963.1,628.4,21.0,1.44,620.6,3645373.0
202,166.0,3645600.0,967.6,R,926.1,605.5,24.0,1.23,616.0,3645623.0
203,66.0,3645936.0,931.7,R,956.0,619.9,12.0,0.74,627.8,3645947.0
204,88.0,3646567.0,928.8,R,909.7,619.7,20.0,0.57,614.8,3646586.0
205,94.0,3647724.0,950.2,R,926.9,601.0,20.0,0.67,600.2,3647743.0
206,78.0,3648961.0,970.4,R,965.9,604.7,18.0,0.15,607.1,3648978.0
207,158.0,3649277.0,990.3,R,960.3,601.7,26.0,0.9,610.0,3649302.0
208,68.0,3649466.0,967.0,R,986.2,606.2,9.0,0.55,604.8,3649474.0
209,54.0,3649809.0,963.8,R,972.7,617.1,6.0,0.29,621.5,3649814.0
210,130.0,3650992.0,971.7,R,957.7,616.4,22.0,0.77,637.9,3651013.0
211,98.0,3651969.0,940.5,R,962.4,640.9,18.0,0.64,637.7,3651986.0
212,116.0,3652127.0,965.1,R,933.9,631.3,21.0,0.9,633.8,3652147.0
213,59.0,3652511.0,958.4,R,961.7,632.6,14.0,0.37,644.3,3652524.0
214,45.0,3653137.0,949.0,R,955.0,625.8,6.0,0.37,615.2,3653142.0
215,61.0,3653369.0,948.4,R,949.0,622.3,15.0,0.4,635.4,3653383.0
216,110.0,3653653.0,962.9,R,939.1,624.2,22.0,0.85,640.7,3653674.0
217,110.0,3654617.0,970.1,R,945.1,640.3,18.0,0.72,642.2,3654634.0
218,116.0,3654878.0,934.4,R,967.0,627.2,22.0,0.96,634.7,3654899.0
219,122.0,3655176.0,962.4,R,940.6,626.1,24.0,0.78,641.4,3655199.0
220,86.0,3655498.0,925.3,R,956.1,631.3,14.0,0.92,622.6,3655511.0
221,94.0,3655742.0,949.7,R,928.1,623.8,19.0,0.62,626.1,3655760.0
222,104.0,3656122.0,967.1,R,945.6,626.8,18.0,0.67,635.1,3656139.0
223,146.0,3656513.0,918.3,R,976.8,630.2,19.0,1.69,622.1,3656531.0
224,170.0,3656782.0,978.3,R,932.5,616.4,21.0,1.32,622.0,3656802.0
225,75.0,3657399.0,950.5,R,975.9,629.3,19.0,0.8,639.9,3657417.0
226,99.0,3657702.0,968.2,R,955.4,643.7,20.0,0.48,633.8,3657721.0
227,72.0,3657987.0,957.9,R,974.1,640.8,10.0,0.64,655.0,3657996.0
228,118.0,3658441.0,974.2,R,951.1,641.6,22.0,0.79,655.8,3658462.0
229,71.0,3658867.0,968.7,R,958.6,645.1,13.0,0.56,629.6,3658879.0
230,87.0,3659390.0,932.4,R,959.4,621.3,14.0,0.97,640.5,3659403.0
231,119.0,3660155.0,948.1,R,930.9,620.4,22.0,0.57,611.1,3660176.0
232,90.0,3661701.0,926.0,R,898.4,585.2,15.0,0.8,589.6,3661715.0
233,90.0,3663421.0,953.4,R,947.7,613.1,21.0,0.23,618.4,3663441.0
234,53.0,3663640.0,933.2,R,941.0,614.6,8.0,0.4,603.6,3663647.0
235,92.0,3663847.0,956.2,R,941.4,588.7,20.0,0.56,600.5,3663866.0
236,81.0,3664557.0,973.8,R,964.9,623.1,17.0,0.27,620.7,3664573.0
237,67.0,3664820.0,962.3,R,979.7,618.6,19.0,0.5,616.1,3664838.0
238,86.0,3665046.0,983.1,R,955.1,614.4,11.0,0.8,616.4,3665056.0
239,73.0,3665342.0,973.9,R,959.4,610.2,11.0,0.61,624.9,3665352.0
240,128.0,3665864.0,987.8,R,953.5,622.7,20.0,1.01,629.7,3665883.0
241,60.0,3666251.0,950.4,R,966.9,628.3,8.0,0.47,627.5,3666258.0
242,122.0,3666560.0,911.1,R,948.2,617.9,16.0,1.07,620.2,3666575.0
243,119.0,3666778.0,953.9,R,921.6,611.3,22.0,0.97,620.7,3666799.0
244,83.0,3667597.0,992.8,R,967.4,625.0,11.0,0.77,633.7,3667607.0
245,97.0,3667826.0,952.6,R,984.6,628.6,11.0,0.92,625.9,3667836.0
246,149.0,3668045.0,989.5,R,950.2,629.6,21.0,1.13,634.0,3668065.0
247,64.0,3668501.0,951.9,R,966.7,613.6,8.0,0.49,605.3,3668508.0
248,63.0,3668894.0,947.5,R,951.5,605.9,10.0,0.56,623.9,3668903.0
249,104.0,3669461.0,973.8,R,950.5,622.4,20.0,0.7,629.1,3669480.0
250,97.0,3669862.0,997.4,R,971.4,626.3,16.0,1.0,648.3,3669877.0
251,202.0,3670216.0,916.1,R,985.7,631.0,24.0,2.05,614.8,3670239.0
252,149.0,3670446.0,974.8,R,929.7,611.4,21.0,1.37,626.1,3670466.0
253,140.0,3671003.0,1015.0,R,971.2,638.9,18.0,1.26,641.7,3671020.0
254,358.0,3671685.0,866.9,R,992.3,624.1,25.0,3.67,599.4,3671709.0
255,242.0,3671940.0,952.3,R,875.2,600.6,20.0,2.33,624.7,3671959.0
256,74.0,3672781.0,972.9,R,955.5,604.0,11.0,0.71,587.7,3672791.0
257,50.0,3673906.0,942.9,R,952.4,569.6,6.0,0.29,572.8,3673911.0
258,151.0,3674313.0,980.8,R,938.3,597.8,22.0,1.22,601.7,3674334.0
259,88.0,3674745.0,964.0,R,991.2,568.0,12.0,0.8,561.5,3674756.0
260,52.0,3675130.0,953.9,R,965.6,595.6,5.0,0.36,600.1,3675134.0
261,182.0,3675524.0,999.3,R,954.9,577.6,23.0,1.3,585.7,3675546.0
262,136.0,3675759.0,945.6,R,995.1,578.9,20.0,1.42,578.6,3675778.0
263,184.0,3676076.0,1008.1,R,945.5,595.4,21.0,1.81,603.4,3676096.0
264,103.0,3676359.0,966.4,R,1001.2,598.7,16.0,1.01,593.5,3676374.0
265,66.0,3676688.0,950.6,R,969.0,596.6,9.0,0.53,595.8,3676696.0
266,321.0,3676906.0,1038.0,R,949.8,593.0,42.0,2.54,602.4,3676947.0
267,321.0,3677123.0,929.1,R,1049.0,583.0,26.0,3.44,584.2,3677148.0
268,123.0,3677424.0,972.3,R,951.0,587.5,21.0,0.62,584.6,3677444.0
269,83.0,3678044.0,984.6,R,958.0,581.0,10.0,0.77,585.2,3678053.0
270,148.0,3678333.0,1048.1,R,970.6,590.6,35.0,2.31,610.9,3678367.0
271,288.0,3678565.0,958.5,R,1028.8,610.3,32.0,2.09,592.6,3678596.0
272,91.0,3679214.0,974.4,R,959.1,594.2,18.0,0.52,603.4,3679231.0
273,304.0,3679453.0,1063.5,R,970.8,590.0,24.0,2.67,599.0,3679476.0
274,273.0,3679727.0,951.9,R,1052.8,600.6,24.0,2.93,584.6,3679750.0
275,102.0,3680223.0,973.8,R,953.8,590.3,20.0,0.6,596.2,3680242.0
276,63.0,3680793.0,981.8,R,968.7,596.6,15.0,0.43,589.9,3680807.0
277,64.0,3681515.0,941.3,R,967.0,584.9,15.0,0.74,584.2,3681529.0
278,219.0,3681712.0,1009.7,R,948.9,592.5,24.0,1.74,590.1,3681735.0
279,150.0,3681948.0,954.7,R,995.3,585.5,23.0,1.21,574.1,3681970.0
280,122.0,3682352.0,978.0,R,962.3,586.8,27.0,0.7,604.5,3682378.0
281,102.0,3682744.0,944.6,R,976.2,607.5,17.0,0.91,603.7,3682760.0
282,173.0,3683070.0,987.0,R,950.6,601.6,23.0,1.06,608.3,3683092.0
283,78.0,3683903.0,959.2,R,982.7,602.2,10.0,0.68,600.0,3683912.0
284,72.0,3684217.0,937.8,R,958.4,590.1,11.0,0.64,582.4,3684227.0
285,174.0,3684529.0,973.2,R,938.0,589.6,22.0,1.16,608.4,3684550.0
286,100.0,3684968.0,948.0,R,976.7,611.4,18.0,0.82,612.1,3684985.0
287,181.0,3685337.0,1006.7,R,941.9,623.3,22.0,1.87,629.1,3685358.0
288,136.0,3685698.0,940.8,R,990.8,613.6,19.0,1.43,614.3,3685716.0
289,91.0,3686345.0,973.9,R,960.8,604.7,18.0,0.47,614.1,3686362.0
290,54.0,3686660.0,959.6,R,971.8,613.0,8.0,0.39,607.3,3686667.0
291,130.0,3687722.0,967.2,R,932.7,608.2,20.0,1.05,619.5,3687741.0
292,234.0,3688006.0,1033.8,R,955.3,591.9,21.0,2.25,594.6,3688026.0
293,255.0,3688603.0,932.1,R,1032.7,589.9,27.0,2.88,591.3,3688629.0
294,59.0,3688884.0,958.4,R,946.8,588.1,16.0,0.35,584.8,3688899.0
295,98.0,3689728.0,954.6,R,920.7,582.9,16.0,0.98,579.7,3689743.0
296,57.0,3691204.0,957.7,R,955.3,556.1,12.0,0.39,568.7,3691215.0
297,115.0,3691631.0,975.7,R,943.5,567.4,20.0,0.94,572.7,3691650.0
298,66.0,3691924.0,954.2,R,973.9,573.5,12.0,0.57,570.5,3691935.0
299,45.0,3692348.0,959.3,R,956.9,572.1,6.0,0.24,579.5,3692353.0
300,55.0,3692761.0,957.8,R,968.4,593.3,6.0,0.34,588.2,3692766.0
301,49.0,3693109.0,944.4,R,956.9,593.2,6.0,0.37,590.6,3693114.0
302,77.0,3693667.0,953.8,R,935.3,583.5,14.0,0.55,588.0,3693680.0
303,81.0,3694050.0,941.6,R,938.0,589.6,21.0,0.28,598.0,3694070.0
304,83.0,3694121.0,967.3,R,942.7,591.2,18.0,0.72,596.5,3694138.0
305,59.0,3694619.0,941.3,R,957.1,591.7,8.0,0.48,597.2,3694626.0
306,93.0,3695134.0,978.1,R,950.1,594.2,15.0,0.82,589.4,3695148.0
307,164.0,3695689.0,1000.9,R,956.8,589.7,22.0,1.4,609.4,3695710.0
308,116.0,3696916.0,934.1,R,971.7,566.7,17.0,1.08,566.2,3696932.0
309,92.0,3697820.0,961.2,R,941.9,600.2,19.0,0.55,599.5,3697838.0
310,49.0,3698884.0,958.8,R,966.0,582.3,5.0,0.22,584.4,3698888.0
311,54.0,3700796.0,935.7,R,945.5,576.9,6.0,0.34,583.4,3700801.0
312,109.0,3701003.0,957.6,R,928.3,584.9,21.0,0.84,587.1,3701023.0
313,50.0,3701280.0,946.2,R,955.8,590.4,6.0,0.28,588.3,3701285.0
314,86.0,3701592.0,987.2,R,959.4,600.1,14.0,0.8,603.3,3701605.0
315,80.0,3702623.0,984.2,R,957.8,611.9,16.0,0.76,614.1,3702638.0
316,75.0,3703259.0,957.3,R,960.2,604.6,17.0,0.33,594.2,3703275.0
317,114.0,3703592.0,965.9,R,946.9,580.1,22.0,0.76,597.5,3703613.0
318,54.0,3703941.0,945.4,R,958.6,593.1,6.0,0.38,591.5,3703946.0
319,107.0,3704168.0,970.7,R,948.2,602.0,21.0,0.7,610.7,3704188.0
320,96.0,3705361.0,991.2,R,961.2,622.6,13.0,0.87,627.8,3705373.0
321,84.0,3705403.0,954.7,R,974.9,631.7,7.0,0.58,631.0,3705409.0
322,99.0,3705734.0,998.2,R,968.2,635.9,14.0,0.86,634.2,3705747.0
323,59.0,3706146.0,968.5,R,983.2,637.5,8.0,0.45,632.2,3706153.0
324,78.0,3706461.0,975.9,R,966.5,635.2,17.0,0.37,643.4,3706477.0
325,83.0,3707061.0,984.1,R,968.6,642.4,17.0,0.44,643.2,3707077.0
326,167.0,3709578.0,1014.8,R,961.3,638.2,19.0,1.61,653.9,3709596.0
327,50.0,3710011.0,992.3,R,1001.1,641.0,9.0,0.4,630.7,3710019.0
328,108.0,3712757.0,937.3,R,973.0,565.0,18.0,1.04,571.9,3712774.0
329,103.0,3714286.0,962.3,R,956.9,617.0,21.0,0.23,622.7,3714306.0
330,86.0,3714815.0,963.7,R,956.7,601.2,19.0,0.25,606.2,3714833.0
331,2295.0,3715206.0,881.2,R,953.2,575.9,523.0,3.27,658.8,3715728.0
332,58.0,3715764.0,897.6,R,883.0,655.6,8.0,0.42,653.2,3715771.0
333,470.0,3715914.0,917.0,R,853.0,619.8,35.0,2.93,545.2,3715948.0
334,103.0,3716334.0,971.3,R,978.1,598.4,23.0,0.58,616.3,3716356.0
335,124.0,3716709.0,987.2,R,962.0,612.2,24.0,0.82,624.9,3716732.0
336,112.0,3717113.0,938.2,R,950.6,600.0,20.0,1.08,566.8,3717132.0
337,79.0,3717303.0,929.9,R,933.7,574.0,17.0,0.57,592.4,3717319.0
338,63.0,3717623.0,930.9,R,928.7,580.4,18.0,0.4,593.4,3717640.0
339,55.0,3718142.0,931.8,R,926.6,558.0,15.0,0.28,550.3,3718156.0
340,139.0,3718370.0,955.5,R,922.3,564.1,23.0,0.95,563.7,3718392.0
341,103.0,3718578.0,928.8,R,951.9,573.9,21.0,0.68,578.3,3718598.0
342,128.0,3718818.0,951.8,R,925.2,580.9,22.0,0.76,581.3,3718839.0
343,98.0,3720325.0,926.0,R,936.1,582.4,24.0,0.34,576.7,3720348.0
344,113.0,3720574.0,966.3,R,938.1,577.1,22.0,0.85,586.1,3720595.0
345,50.0,3720818.0,952.7,R,962.8,595.4,6.0,0.3,593.4,3720823.0
346,74.0,3721419.0,966.0,R,959.8,596.2,16.0,0.33,605.3,3721434.0
347,122.0,3721761.0,995.8,R,969.4,598.5,22.0,0.78,605.1,3721782.0
348,90.0,3722018.0,962.9,R,989.9,601.9,19.0,0.79,596.4,3722036.0
349,54.0,3722394.0,960.0,R,953.6,588.4,13.0,0.56,605.6,3722406.0
350,133.0,3722809.0,981.0,R,958.5,584.6,24.0,0.65,586.5,3722832.0
351,49.0,3723061.0,962.0,R,974.2,576.4,8.0,0.36,574.1,3723068.0
352,64.0,3724278.0,949.3,R,964.2,618.4,16.0,0.48,611.0,3724293.0
353,155.0,3724557.0,997.8,R,955.0,601.9,23.0,1.3,616.0,3724579.0
354,129.0,3724944.0,930.8,R,983.3,621.8,21.0,1.54,611.0,3724964.0
355,293.0,3725356.0,1008.4,R,922.0,600.5,23.0,2.48,601.5,3725378.0
356,173.0,3725704.0,932.3,R,1005.1,596.3,23.0,2.09,600.5,3725726.0
357,114.0,3727806.0,952.2,R,923.3,597.5,23.0,0.89,607.8,3727828.0
358,57.0,3728123.0,932.7,R,943.0,612.6,8.0,0.42,602.6,3728130.0
359,88.0,3728642.0,934.5,R,933.1,600.7,27.0,0.31,610.7,3728668.0
360,83.0,3729434.0,956.4,R,961.1,611.6,19.0,0.13,611.4,3729452.0
361,110.0,3729863.0,962.4,R,970.4,606.1,31.0,0.41,617.2,3729893.0
362,64.0,3730510.0,962.6,R,960.6,594.9,15.0,0.45,609.4,3730524.0
363,111.0,3731370.0,999.3,R,960.8,602.3,17.0,1.11,604.7,3731386.0
364,78.0,3732557.0,980.8,R,974.0,612.4,17.0,0.26,618.0,3732573.0
365,96.0,3733676.0,951.5,R,952.0,629.1,24.0,0.13,633.3,3733699.0
366,89.0,3734063.0,920.4,R,939.5,612.3,18.0,0.87,590.2,3734080.0
367,213.0,3734578.0,972.2,R,928.6,583.7,24.0,1.78,625.0,3734601.0
368,77.0,3735914.0,932.7,R,959.7,603.2,12.0,0.78,600.0,3735925.0
369,48.0,3736704.0,963.3,R,954.3,590.7,6.0,0.26,589.4,3736709.0
370,50.0,3736972.0,967.4,R,978.6,580.0,7.0,0.32,580.3,3736978.0
371,50.0,3737311.0,957.4,R,968.3,570.6,7.0,0.32,572.1,3737317.0
372,128.0,3737727.0,959.7,R,958.3,587.4,25.0,0.2,593.9,3737751.0
373,90.0,3738248.0,957.6,R,940.2,600.7,20.0,0.53,606.8,3738267.0
374,66.0,3739318.0,973.0,R,979.5,619.2,17.0,0.2,621.3,3739334.0
375,121.0,3739933.0,983.0,R,958.5,610.1,21.0,0.88,627.7,3739953.0
376,97.0,3740158.0,960.6,R,983.6,625.1,18.0,0.79,611.0,3740175.0
377,3270.0,3740319.0,1019.2,R,963.6,611.0,153.0,2.41,670.3,3740471.0
378,58.0,3740537.0,987.5,R,992.2,667.7,7.0,0.41,655.2,3740543.0
379,115.0,3740677.0,956.3,R,984.9,656.2,16.0,1.1,632.0,3740692.0
380,107.0,3741010.0,978.5,R,981.2,654.2,26.0,0.32,664.4,3741035.0
381,118.0,3741270.0,1001.7,R,976.7,630.4,22.0,0.72,630.7,3741291.0
382,61.0,3741501.0,974.1,R,988.5,627.7,7.0,0.42,624.8,3741507.0
383,109.0,3741907.0,935.6,R,949.7,607.5,22.0,0.51,617.6,3741928.0
384,99.0,3742145.0,960.9,R,945.2,606.1,22.0,0.45,607.9,3742166.0
385,117.0,3742567.0,973.7,R,963.1,621.8,23.0,0.3,622.7,3742589.0
386,76.0,3743595.0,959.3,R,950.4,619.7,17.0,0.27,617.1,3743611.0
387,237.0,3743919.0,865.0,R,962.6,619.8,27.0,3.42,555.6,3743945.0
388,362.0,3744172.0,979.7,R,879.0,567.6,24.0,3.29,619.5,3744195.0
389,56.0,3744523.0,971.0,R,982.4,618.9,8.0,0.43,628.1,3744530.0
390,76.0,3744876.0,961.2,R,975.0,620.3,15.0,0.54,608.3,3744890.0
391,130.0,3745498.0,978.0,R,954.8,590.8,25.0,0.67,592.7,3745522.0
392,128.0,3745694.0,924.2,R,978.9,585.2,31.0,1.66,567.7,3745724.0
393,140.0,3745955.0,952.6,R,927.7,558.5,22.0,1.39,597.4,3745976.0
394,111.0,3747465.0,957.2,R,928.5,587.7,20.0,0.92,601.4,3747484.0
395,73.0,3748821.0,966.4,R,957.4,618.4,16.0,0.43,629.8,3748836.0
396,46.0,3749487.0,959.8,R,967.6,627.0,6.0,0.28,621.7,3749492.0
397,128.0,3749974.0,982.3,R,961.3,608.5,23.0,0.64,615.3,3749996.0
398,51.0,3750263.0,967.3,R,976.3,617.9,6.0,0.33,611.4,3750268.0
399,110.0,3751205.0,990.9,R,963.4,619.7,20.0,0.8,624.8,3751224.0
400,67.0,3751459.0,963.8,R,984.4,627.0,11.0,0.59,625.3,3751469.0
401,89.0,3751885.0,987.6,R,966.6,630.8,16.0,0.6,630.7,3751900.0
402,104.0,3752648.0,986.9,R,971.9,636.2,21.0,0.45,640.1,3752668.0
403,108.0,3753222.0,991.1,R,992.6,658.9,20.0,1.66,604.5,3753241.0
404,3270.0,3753333.0,1064.0,R,998.8,589.1,132.0,3.19,673.9,3753464.0
405,173.0,3753638.0,982.2,R,1035.1,696.3,19.0,1.83,662.9,3753656.0
406,141.0,3754169.0,944.3,R,986.1,652.2,21.0,1.81,607.8,3754189.0
407,194.0,3754388.0,988.3,R,941.2,586.6,22.0,1.66,618.4,3754409.0
408,88.0,3754794.0,949.7,R,967.4,602.8,17.0,0.72,586.0,3754810.0
409,85.0,3755347.0,943.3,R,943.2,556.5,22.0,0.43,542.4,3755368.0
410,108.0,3755540.0,977.1,R,942.2,545.2,21.0,1.02,538.3,3755560.0
411,131.0,3755745.0,924.6,R,975.0,540.7,22.0,1.59,562.6,3755766.0
412,192.0,3756237.0,979.2,R,932.0,571.7,24.0,1.58,598.5,3756260.0
413,60.0,3756475.0,964.1,R,978.0,593.0,7.0,0.42,597.5,3756481.0
414,92.0,3756972.0,944.0,R,966.6,613.9,35.0,1.65,564.1,3757006.0
415,148.0,3757436.0,952.4,R,923.9,564.3,19.0,1.5,605.3,3757454.0
416,116.0,3758969.0,933.5,R,930.3,587.0,22.0,0.27,578.6,3758990.0
417,96.0,3759385.0,951.1,R,930.5,573.0,18.0,0.64,580.9,3759402.0
418,80.0,3760199.0,948.7,R,952.6,598.5,20.0,0.15,601.7,3760218.0
419,105.0,3760476.0,965.6,R,938.9,600.5,20.0,0.78,604.9,3760495.0
420,143.0,3761348.0,995.0,R,956.5,593.8,22.0,1.15,604.6,3761369.0
421,86.0,3761515.0,962.4,R,989.4,599.3,17.0,0.78,596.5,3761531.0
422,94.0,3761971.0,955.2,R,962.1,594.5,20.0,1.31,552.3,3761990.0
423,182.0,3762344.0,956.4,R,946.9,555.8,23.0,1.79,613.6,3762366.0
424,121.0,3763728.0,989.8,R,962.8,607.1,22.0,0.85,618.6,3763749.0
425,59.0,3763956.0,971.5,R,987.6,622.1,9.0,0.48,617.8,3763964.0
426,66.0,3764385.0,959.1,R,974.3,625.1,19.0,0.44,626.0,3764403.0
427,130.0,3764679.0,986.6,R,959.7,628.7,23.0,0.77,631.3,3764701.0
428,112.0,3764851.0,957.4,R,979.1,632.8,19.0,1.29,595.9,3764869.0
429,202.0,3765189.0,962.8,R,970.3,601.8,32.0,3.0,503.9,3765220.0
430,287.0,3765503.0,977.4,R,969.2,508.8,29.0,3.66,628.3,3765531.0
431,80.0,3765852.0,971.8,R,986.2,627.7,18.0,0.42,626.1,3765869.0
432,91.0,3766293.0,964.9,R,958.2,614.4,21.0,0.38,603.7,3766313.0
433,106.0,3766784.0,968.1,R,960.7,598.7,22.0,0.64,618.5,3766805.0
434,87.0,3767280.0,966.6,R,961.5,614.5,23.0,0.18,610.8,3767302.0
435,84.0,3767491.0,977.3,R,951.6,606.6,14.0,0.75,610.9,3767504.0
436,100.0,3767930.0,978.5,R,967.7,610.0,21.0,0.41,619.0,3767950.0
437,115.0,3769798.0,972.5,R,968.8,608.8,23.0,0.11,609.6,3769820.0
438,111.0,3771688.0,988.5,R,977.2,613.7,21.0,0.4,621.1,3771708.0
439,67.0,3771838.0,973.7,R,990.8,630.4,11.0,0.67,615.3,3771848.0
440,73.0,3772162.0,976.8,R,977.9,627.2,9.0,0.54,644.8,3772170.0
441,192.0,3772754.0,1055.6,R,978.0,640.0,22.0,2.25,652.5,3772775.0
442,167.0,3772986.0,970.3,R,1039.9,654.1,21.0,2.06,637.1,3773006.0
443,78.0,3773495.0,973.0,R,968.7,629.0,17.0,0.39,641.0,3773511.0
444,104.0,3773895.0,923.6,R,961.3,617.3,16.0,1.14,605.4,3773910.0
445,173.0,3774080.0,965.9,R,929.0,598.5,23.0,1.11,609.6,3774102.0
446,127.0,3774569.0,974.2,R,958.0,606.6,21.0,0.77,626.8,3774589.0
447,2877.0,3777396.0,635.3,R,972.3,602.7,1283.0,11.49,389.1,3778678.0
448,383.0,3778760.0,837.1,R,885.3,712.9,39.0,3.02,624.8,3778798.0
449,569.0,3778862.0,1003.5,R,862.8,638.4,43.0,4.03,639.4,3778904.0
450,84.0,3779056.0,1011.2,R,1024.6,645.2,18.0,0.39,643.8,3779073.0
451,139.0,3779401.0,1016.4,R,993.6,610.4,32.0,1.02,635.9,3779432.0
452,79.0,3779630.0,965.3,R,983.6,621.8,17.0,0.54,617.9,3779646.0
453,119.0,3779979.0,965.6,R,940.8,592.3,21.0,0.71,593.6,3779999.0
454,106.0,3780251.0,928.9,R,953.9,587.8,20.0,0.83,574.1,3780270.0
455,238.0,3780417.0,938.6,R,934.9,580.3,36.0,4.63,428.4,3780452.0
456,272.0,3780609.0,980.7,R,941.1,452.5,40.0,4.24,586.6,3780648.0
457,146.0,3780774.0,932.7,R,982.3,573.4,20.0,1.44,581.5,3780793.0
458,108.0,3781093.0,946.0,R,935.5,574.8,21.0,0.57,590.6,3781113.0
459,78.0,3781530.0,950.4,R,932.7,585.3,11.0,0.67,571.1,3781540.0
460,121.0,3782737.0,968.1,R,934.1,596.1,17.0,1.0,604.1,3782753.0
461,71.0,3782976.0,939.4,R,957.0,598.4,18.0,0.51,596.0,3782993.0
462,144.0,3783611.0,967.3,R,940.5,605.4,21.0,1.28,572.0,3783631.0
463,145.0,3783957.0,935.5,R,956.4,558.1,22.0,0.92,581.0,3783978.0
464,89.0,3785919.0,940.6,R,917.6,591.6,18.0,0.74,602.4,3785936.0
465,96.0,3787000.0,975.2,R,946.2,604.3,15.0,0.88,613.7,3787014.0
466,69.0,3787637.0,940.3,R,962.3,607.8,11.0,0.67,600.7,3787647.0
467,119.0,3787789.0,969.9,R,940.7,598.8,23.0,0.88,607.2,3787811.0
468,61.0,3788378.0,964.3,R,969.7,617.2,16.0,0.16,618.6,3788393.0
469,80.0,3788688.0,980.2,R,964.8,621.5,16.0,0.49,614.7,3788703.0
470,73.0,3789185.0,973.9,R,971.3,621.3,18.0,0.22,628.0,3789202.0
471,2979.0,3789644.0,1036.2,R,966.9,608.1,290.0,2.67,549.9,3789933.0
472,236.0,3790072.0,957.0,R,1015.2,547.9,24.0,2.36,602.5,3790095.0
473,63.0,3790265.0,981.0,R,983.4,625.0,8.0,0.5,641.1,3790272.0
474,110.0,3790549.0,990.1,R,971.2,645.3,19.0,0.83,666.0,3790567.0
475,54.0,3791011.0,981.8,R,976.7,633.5,14.0,0.38,622.1,3791024.0
476,86.0,3791291.0,930.8,R,964.2,607.0,16.0,0.96,604.6,3791306.0
477,129.0,3791474.0,978.2,R,946.0,603.7,23.0,0.92,605.5,3791496.0
478,79.0,3791731.0,954.6,R,975.3,599.3,16.0,0.65,590.8,3791746.0
479,134.0,3792062.0,974.3,R,945.4,587.3,25.0,0.85,593.9,3792086.0
480,60.0,3792273.0,964.9,R,978.0,598.9,18.0,0.38,597.7,3792290.0
481,67.0,3792618.0,945.5,R,959.0,604.1,16.0,0.39,605.2,3792633.0
482,134.0,3792840.0,978.3,R,946.2,601.8,23.0,0.97,612.1,3792862.0
483,101.0,3793044.0,955.5,R,977.5,598.4,20.0,0.63,595.9,3793063.0
484,148.0,3793638.0,983.9,R,941.5,598.0,22.0,1.35,617.2,3793659.0
485,96.0,3793852.0,940.1,R,969.3,609.8,13.0,0.94,595.9,3793864.0
486,131.0,3794217.0,969.6,R,939.8,593.2,23.0,1.03,612.1,3794239.0
487,70.0,3794467.0,946.0,R,962.6,603.1,9.0,0.58,592.5,3794475.0
488,54.0,3795699.0,930.4,R,942.2,593.1,7.0,0.42,584.9,3795705.0
489,111.0,3795891.0,895.2,R,932.4,595.4,17.0,1.07,597.0,3795907.0
490,177.0,3796349.0,949.9,R,908.4,586.9,23.0,1.23,597.6,3796371.0
491,99.0,3798166.0,944.8,R,933.7,562.5,23.0,0.33,564.9,3798188.0
492,86.0,3798543.0,946.1,R,945.0,572.6,23.0,0.3,582.5,3798565.0
493,73.0,3799222.0,946.8,R,949.2,584.0,16.0,0.42,597.6,3799237.0
494,109.0,3800020.0,961.7,R,953.6,581.3,24.0,0.38,591.1,3800043.0
495,125.0,3800362.0,983.9,R,956.1,565.9,22.0,0.85,556.2,3800383.0
496,53.0,3800622.0,970.8,R,982.8,569.3,6.0,0.35,568.2,3800627.0
497,128.0,3801374.0,959.3,R,961.3,561.8,32.0,0.57,580.4,3801405.0
498,176.0,3801766.0,991.8,R,974.1,579.4,29.0,0.51,579.6,3801794.0
499,116.0,3801964.0,959.9,R,987.5,593.0,21.0,0.81,599.2,3801984.0
500,60.0,3802958.0,963.2,R,968.8,607.8,8.0,0.47,622.3,3802965.0
501,63.0,3803356.0,962.8,R,966.7,616.4,11.0,0.57,598.0,3803366.0
502,52.0,3803615.0,957.0,R,969.1,598.2,10.0,0.48,609.2,3803624.0
503,84.0,3804030.0,973.7,R,960.3,607.8,20.0,0.39,606.6,3804049.0
504,70.0,3804797.0,951.5,R,955.2,610.8,17.0,0.45,625.1,3804813.0
505,125.0,3805189.0,962.9,R,945.9,615.4,23.0,0.53,608.6,3805211.0
506,84.0,3805952.0,928.3,R,945.8,603.2,19.0,0.6,592.4,3805970.0
507,82.0,3806115.0,953.4,R,933.3,597.5,15.0,0.58,599.6,3806129.0
508,70.0,3806416.0,938.0,R,957.2,601.6,17.0,0.56,605.0,3806432.0
509,77.0,3806659.0,963.8,R,949.1,617.3,18.0,0.42,618.2,3806676.0
510,55.0,3807150.0,957.8,R,962.9,626.7,15.0,0.28,634.4,3807164.0
511,100.0,3807398.0,973.3,R,948.5,623.0,19.0,0.75,630.7,3807416.0
512,60.0,3807658.0,956.2,R,971.3,628.3,8.0,0.47,622.6,3807665.0
513,49.0,3807934.0,962.8,R,973.2,631.1,5.0,0.3,632.8,3807938.0
514,99.0,3808241.0,996.3,R,963.0,636.7,14.0,0.95,635.9,3808254.0
515,78.0,3809522.0,974.0,R,957.2,630.5,18.0,0.49,632.7,3809539.0
516,104.0,3810487.0,971.8,R,937.9,621.6,18.0,0.99,615.4,3810504.0
517,58.0,3811339.0,953.9,R,964.0,614.5,14.0,0.31,618.4,3811352.0
518,96.0,3811653.0,955.2,R,948.5,623.3,22.0,0.37,633.8,3811674.0
519,89.0,3811857.0,919.9,R,945.6,634.7,11.0,0.84,621.2,3811867.0
520,150.0,3812039.0,948.8,R,914.7,608.6,22.0,1.08,623.9,3812060.0
521,59.0,3812559.0,941.9,R,939.1,609.6,11.0,0.43,623.4,3812569.0
522,74.0,3814076.0,954.1,R,936.9,584.2,18.0,0.55,576.3,3814093.0
523,75.0,3815083.0,949.2,R,940.1,588.0,17.0,0.49,601.6,3815099.0
524,68.0,3815724.0,959.4,R,949.3,575.7,16.0,0.44,586.4,3815739.0
525,44.0,3816271.0,958.7,R,960.1,584.4,7.0,0.26,592.7,3816277.0
526,72.0,3816864.0,952.3,R,965.2,582.1,18.0,0.4,577.5,3816881.0
527,88.0,3817104.0,970.5,R,955.9,581.6,18.0,0.42,582.5,3817121.0
528,92.0,3817588.0,971.3,R,956.5,589.5,20.0,0.46,594.9,3817607.0
529,80.0,3818186.0,982.6,R,957.9,608.2,12.0,0.71,611.0,3818197.0
530,108.0,3819000.0,981.0,R,955.7,600.1,22.0,0.82,612.3,3819021.0
531,52.0,3819287.0,952.5,R,962.7,609.3,6.0,0.36,602.2,3819292.0
532,132.0,3820241.0,991.8,R,957.3,600.5,23.0,1.01,606.6,3820263.0
533,77.0,3820440.0,964.8,R,986.7,599.6,9.0,0.63,598.4,3820448.0
534,98.0,3820846.0,969.4,R,955.4,600.4,20.0,0.7,619.2,3820865.0
535,248.0,3821897.0,1067.8,R,952.3,603.2,37.0,3.31,611.2,3821933.0
536,300.0,3822262.0,959.5,R,1067.4,606.5,33.0,3.11,595.0,3822294.0
537,106.0,3823228.0,992.6,R,961.9,620.6,12.0,0.91,613.6,3823239.0
538,104.0,3824095.0,984.2,R,959.7,632.9,22.0,0.76,642.2,3824116.0
539,100.0,3824309.0,951.6,R,984.0,642.7,16.0,0.97,633.5,3824324.0
540,109.0,3824539.0,977.1,R,955.4,635.3,22.0,0.62,636.5,3824560.0
541,72.0,3824794.0,953.3,R,973.0,632.9,12.0,0.65,622.3,3824805.0
542,94.0,3825032.0,967.8,R,952.3,626.3,19.0,0.51,634.3,3825050.0
543,72.0,3825503.0,956.1,R,951.3,622.5,16.0,0.53,605.6,3825518.0
544,49.0,3825805.0,952.7,R,957.3,597.0,15.0,0.23,603.0,3825819.0
545,166.0,3826139.0,980.1,R,946.4,587.9,23.0,1.24,613.3,3826161.0
546,188.0,3826363.0,927.2,R,978.0,613.5,25.0,1.46,615.6,3826387.0
547,235.0,3826653.0,1016.8,R,932.1,610.1,22.0,2.43,611.4,3826674.0
548,122.0,3827499.0,952.6,R,992.7,603.7,21.0,1.15,602.9,3827519.0
549,76.0,3830071.0,1001.2,R,986.9,577.6,17.0,0.66,594.5,3830087.0
550,66.0,3830599.0,968.1,R,985.0,596.6,7.0,0.5,592.7,3830605.0
551,214.0,3831132.0,1022.9,R,956.1,575.2,24.0,1.98,591.2,3831155.0
552,148.0,3831335.0,962.5,R,1014.5,593.5,19.0,1.52,583.4,3831353.0
553,120.0,3831766.0,960.4,R,955.2,581.8,27.0,0.26,588.6,3831792.0
554,90.0,3832525.0,961.6,R,960.0,576.1,24.0,0.06,577.3,3832548.0
555,181.0,3832886.0,1011.6,R,974.3,583.3,26.0,1.14,595.9,3832911.0
556,79.0,3833480.0,965.4,R,994.3,596.9,14.0,0.84,600.7,3833493.0
557,73.0,3833930.0,946.9,R,971.2,601.0,13.0,0.8,588.3,3833942.0
558,110.0,3834139.0,970.4,R,943.5,589.2,22.0,0.77,590.8,3834160.0
559,67.0,3834798.0,971.4,R,971.7,585.6,16.0,0.34,596.8,3834813.0
560,106.0,3835660.0,959.0,R,949.0,575.5,19.0,1.21,537.0,3835678.0
561,109.0,3836010.0,941.0,R,957.0,549.4,18.0,1.2,585.5,3836027.0
562,98.0,3836425.0,983.2,R,973.5,591.5,18.0,0.66,610.9,3836442.0
563,50.0,3836715.0,974.5,R,984.5,593.2,7.0,0.31,589.0,3836721.0
564,82.0,3837054.0,969.5,R,961.6,593.6,20.0,0.34,602.1,3837073.0
565,91.0,3837586.0,978.1,R,971.2,608.8,19.0,0.72,586.3,3837604.0
566,106.0,3837909.0,969.7,R,971.3,585.0,24.0,0.96,616.5,3837932.0
567,57.0,3838432.0,991.3,R,983.8,615.2,11.0,0.62,596.2,3838442.0
568,79.0,3839214.0,988.4,R,983.0,595.6,14.0,0.7,618.0,3839227.0
569,107.0,3839788.0,1001.0,R,976.2,609.9,22.0,0.71,608.3,3839809.0
570,101.0,3840855.0,994.9,R,972.4,605.5,19.0,0.69,613.2,3840873.0
571,45.0,3841115.0,985.7,R,993.2,610.1,6.0,0.23,607.1,3841120.0
572,130.0,3841352.0,961.6,R,988.5,609.0,22.0,1.29,575.3,3841373.0
573,124.0,3841501.0,999.8,R,960.6,575.8,26.0,1.29,555.2,3841526.0
574,97.0,3841672.0,979.2,R,1005.0,582.5,15.0,1.05,606.9,3841686.0
575,58.0,3841884.0,991.5,R,990.5,622.6,12.0,0.62,642.7,3841895.0
576,91.0,3842396.0,1004.4,R,980.6,659.1,18.0,0.68,659.5,3842413.0
577,70.0,3842634.0,973.3,R,993.9,656.2,11.0,0.61,660.7,3842644.0
578,115.0,3842849.0,1009.3,R,973.4,659.1,20.0,1.03,660.9,3842868.0
579,90.0,3843191.0,963.4,R,991.8,650.9,14.0,0.83,646.3,3843204.0
580,121.0,3843780.0,963.1,R,948.1,629.7,20.0,1.16,664.9,3843799.0
581,66.0,3844458.0,920.8,R,935.9,609.7,8.0,0.5,601.3,3844465.0
582,141.0,3846046.0,967.4,R,919.7,595.2,18.0,1.37,595.7,3846063.0
583,56.0,3846435.0,958.5,R,972.8,577.2,8.0,0.41,576.4,3846442.0
584,63.0,3847320.0,942.8,R,953.3,596.1,17.0,0.32,600.0,3847336.0
585,134.0,3847801.0,973.5,R,945.7,594.1,22.0,0.91,608.2,3847822.0
586,66.0,3848587.0,972.0,R,963.7,601.0,18.0,0.25,598.8,3848604.0
587,50.0,3848988.0,946.9,R,958.6,601.7,6.0,0.34,600.1,3848993.0
588,96.0,3849465.0,971.7,R,952.4,591.9,19.0,0.71,606.7,3849483.0
589,55.0,3849939.0,959.0,R,971.7,603.5,6.0,0.37,606.4,3849944.0
590,109.0,3850382.0,983.1,R,959.4,595.9,20.0,0.81,610.1,3850401.0
591,61.0,3850600.0,964.5,R,980.0,606.8,8.0,0.45,603.7,3850607.0
592,58.0,3851442.0,975.8,R,968.8,591.0,14.0,0.44,603.8,3851455.0
593,110.0,3851889.0,1000.1,R,965.7,613.5,17.0,1.02,622.3,3851905.0
594,57.0,3852132.0,965.9,R,981.9,610.5,8.0,0.46,610.1,3852139.0
595,74.0,3852456.0,960.7,R,962.6,599.8,18.0,0.46,614.9,3852473.0
596,112.0,3853316.0,962.7,R,950.4,585.1,21.0,0.59,600.4,3853336.0
597,99.0,3853654.0,970.9,R,947.7,612.7,18.0,0.69,607.0,3853671.0
598,94.0,3854152.0,940.0,R,955.0,621.5,20.0,0.7,639.6,3854171.0
599,111.0,3854575.0,960.3,R,948.5,620.3,17.0,1.07,587.0,3854591.0
600,67.0,3854870.0,949.5,R,950.3,595.9,18.0,0.57,614.4,3854887.0
601,108.0,3856548.0,957.4,R,922.5,584.7,16.0,1.0,585.9,3856563.0
602,70.0,3856878.0,945.7,R,962.2,585.4,8.0,0.48,588.2,3856885.0
603,60.0,3857263.0,960.8,R,961.2,605.8,15.0,0.48,621.6,3857277.0
604,77.0,3857901.0,959.7,R,958.5,601.9,17.0,0.21,608.7,3857917.0
605,49.0,3858362.0,955.4,R,960.3,604.5,12.0,0.37,615.8,3858373.0
606,89.0,3859563.0,944.1,R,957.8,603.3,17.0,0.4,604.8,3859579.0
607,108.0,3859780.0,920.1,R,946.2,589.9,38.0,2.53,668.9,3859817.0
608,1270.0,3859853.0,960.8,R,906.9,734.1,209.0,4.76,586.4,3860061.0
609,110.0,3860282.0,942.4,R,953.3,593.9,16.0,1.08,627.7,3860297.0
610,148.0,3860722.0,992.0,R,965.8,636.1,23.0,0.79,643.7,3860744.0
611,56.0,3861107.0,989.6,R,978.1,642.6,6.0,0.34,644.7,3861112.0
612,127.0,3861758.0,950.3,R,927.4,596.1,22.0,0.83,612.5,3861779.0
613,112.0,3862051.0,921.7,R,957.5,611.4,16.0,1.04,606.0,3862066.0
614,138.0,3862236.0,970.0,R,930.4,619.5,23.0,1.2,632.1,3862258.0
615,110.0,3862897.0,958.8,R,957.5,607.9,25.0,0.46,623.0,3862921.0
616,38.0,3863456.0,957.7,R,957.9,605.2,10.0,0.37,617.3,3863465.0
617,76.0,3864041.0,945.8,R,945.1,583.1,18.0,0.4,596.1,3864058.0
618,62.0,3864842.0,937.2,R,942.9,576.0,9.0,0.52,592.2,3864850.0
619,88.0,3865150.0,954.0,R,942.5,598.1,17.0,0.49,586.3,3865166.0
620,67.0,3865487.0,958.3,R,952.5,594.2,18.0,0.66,615.2,3865504.0
621,101.0,3865984.0,966.5,R,945.5,596.9,21.0,0.62,591.4,3866004.0
622,84.0,3866250.0,927.8,R,951.8,595.1,15.0,0.8,608.6,3866264.0
623,164.0,3866683.0,975.8,R,927.7,591.8,24.0,1.42,603.5,3866706.0
624,112.0,3867848.0,935.5,R,975.3,565.7,16.0,1.2,553.9,3867863.0
625,117.0,3868781.0,992.1,R,956.8,593.9,16.0,1.01,596.3,3868796.0
626,113.0,3869226.0,940.7,R,975.9,584.7,16.0,1.02,589.1,3869241.0
627,55.0,3869671.0,968.2,R,956.0,602.9,6.0,0.4,609.3,3869676.0
628,113.0,3870142.0,979.2,R,955.8,608.8,22.0,0.71,616.5,3870163.0
629,46.0,3870857.0,926.8,R,937.8,573.0,8.0,0.34,569.0,3870864.0
630,173.0,3871166.0,978.7,R,935.4,566.5,23.0,1.27,574.8,3871188.0
631,101.0,3871392.0,932.2,R,961.4,560.2,19.0,0.89,549.9,3871410.0
632,116.0,3871998.0,934.4,R,912.4,566.6,22.0,0.76,580.6,3872019.0
633,75.0,3872311.0,916.3,R,942.1,562.7,12.0,0.74,559.7,3872322.0
634,149.0,3872517.0,958.4,R,927.7,551.7,24.0,0.89,555.3,3872540.0
635,158.0,3873200.0,987.8,R,952.8,580.3,24.0,1.09,594.1,3873223.0
636,39.0,3873565.0,960.5,R,968.7,581.0,10.0,0.34,572.8,3873574.0
637,101.0,3874335.0,958.2,R,951.3,578.6,22.0,0.41,590.3,3874356.0
638,100.0,3874750.0,945.5,R,934.9,581.9,24.0,0.36,588.5,3874773.0
639,69.0,3876114.0,942.7,R,938.0,591.6,17.0,0.4,604.0,3876130.0
640,84.0,3876657.0,971.5,R,956.6,588.5,16.0,0.48,595.4,3876672.0
641,97.0,3877481.0,979.1,R,958.6,594.0,19.0,0.6,597.8,3877499.0
642,57.0,3877722.0,961.3,R,974.0,604.7,10.0,0.45,596.0,3877731.0
643,71.0,3878162.0,974.6,R,965.2,616.9,18.0,0.34,623.9,3878179.0
644,70.0,3878480.0,984.9,R,973.2,619.5,17.0,0.37,624.4,3878496.0
645,75.0,3879283.0,977.1,R,967.0,606.8,16.0,0.6,623.9,3879298.0
646,56.0,3879714.0,975.1,R,978.2,627.7,19.0,0.13,631.0,3879732.0
647,72.0,3879962.0,963.6,R,977.9,633.6,10.0,0.66,616.7,3879971.0
648,97.0,3880182.0,976.9,R,951.3,616.1,18.0,0.73,615.0,3880199.0
649,99.0,3880468.0,977.6,R,969.3,620.9,20.0,1.01,653.0,3880487.0
650,91.0,3880788.0,984.0,R,981.1,652.2,18.0,0.85,624.6,3880805.0
651,85.0,3881152.0,976.2,R,980.1,623.7,11.0,0.84,651.0,3881162.0
652,131.0,3881455.0,1004.8,R,967.9,645.5,22.0,1.07,650.0,3881476.0
653,130.0,3881793.0,950.6,R,989.6,644.8,18.0,1.39,617.9,3881810.0
654,214.0,3881999.0,1004.2,R,956.2,619.6,21.0,1.97,665.6,3882019.0
655,151.0,3882393.0,932.1,R,976.6,643.6,20.0,1.68,607.8,3882412.0
656,177.0,3882773.0,985.8,R,945.3,594.7,21.0,1.38,619.1,3882793.0
657,132.0,3883648.0,936.9,R,976.1,614.1,21.0,1.29,593.4,3883668.0
658,87.0,3884899.0,919.0,R,903.4,559.6,19.0,0.45,560.7,3884917.0
659,84.0,3885494.0,937.1,R,925.7,541.9,19.0,0.33,543.0,3885512.0
660,180.0,3886387.0,993.3,R,945.4,568.6,25.0,1.4,578.3,3886411.0
661,130.0,3886625.0,923.3,R,973.4,568.3,17.0,1.44,566.8,3886641.0
662,67.0,3887567.0,927.5,R,941.3,575.0,16.0,0.4,574.8,3887582.0
663,134.0,3887749.0,974.2,R,932.8,575.4,20.0,1.19,574.1,3887768.0
664,60.0,3888015.0,948.5,R,963.2,567.5,7.0,0.44,571.1,3888021.0
665,108.0,3888461.0,979.0,R,955.2,589.8,20.0,0.7,594.5,3888480.0
666,66.0,3888832.0,944.0,R,963.1,590.4,10.0,0.59,583.3,3888841.0
667,108.0,3889048.0,969.5,R,947.3,587.2,19.0,0.64,585.8,3889066.0
668,51.0,3889552.0,973.8,R,967.2,585.4,6.0,0.32,594.0,3889557.0
669,126.0,3890080.0,968.4,R,947.0,588.5,23.0,0.64,594.1,3890102.0
670,97.0,3890541.0,932.3,R,954.5,595.8,18.0,0.7,586.3,3890558.0
671,120.0,3890818.0,965.8,R,941.4,597.6,23.0,0.77,608.5,3890840.0
672,66.0,3891020.0,959.5,R,973.7,606.1,17.0,0.46,598.9,3891036.0
673,79.0,3891424.0,970.1,R,968.2,592.0,16.0,0.69,614.6,3891439.0
674,72.0,3891866.0,961.1,R,957.7,599.1,33.0,0.25,606.5,3891898.0
675,107.0,3892588.0,968.7,R,952.1,587.0,21.0,0.65,601.6,3892608.0
676,69.0,3892931.0,954.0,R,968.4,580.5,16.0,0.49,571.8,3892946.0
677,68.0,3893364.0,965.4,R,955.8,569.5,19.0,0.28,571.0,3893382.0
678,107.0,3893672.0,957.1,R,936.9,564.4,20.0,0.71,577.7,3893691.0
679,106.0,3895320.0,962.7,R,944.3,563.1,21.0,0.64,575.0,3895340.0
680,79.0,3895953.0,979.5,R,967.5,589.5,15.0,0.35,591.3,3895967.0
681,125.0,3896281.0,935.4,R,972.1,583.6,20.0,1.05,583.1,3896300.0
682,98.0,3896436.0,970.9,R,936.6,577.7,16.0,0.98,576.4,3896451.0
683,80.0,3896728.0,973.3,R,965.3,582.4,10.0,0.68,603.5,3896737.0
684,148.0,3897649.0,980.1,R,948.6,582.8,21.0,1.11,604.2,3897669.0
685,56.0,3898268.0,957.8,R,955.8,586.9,10.0,0.44,572.5,3898277.0
686,72.0,3898475.0,946.0,R,963.1,576.1,10.0,0.65,561.9,3898484.0
687,174.0,3898669.0,995.5,R,932.0,560.7,22.0,1.88,576.0,3898690.0
688,133.0,3898883.0,949.9,R,1003.2,575.9,20.0,1.53,578.5,3898902.0
689,75.0,3900162.0,933.6,R,952.5,526.9,9.0,0.59,519.1,3900170.0
690,57.0,3900707.0,964.4,R,959.2,526.4,13.0,0.19,522.5,3900719.0
691,119.0,3901628.0,982.9,R,959.1,564.7,24.0,0.78,577.0,3901651.0
692,76.0,3901939.0,956.2,R,968.3,565.2,17.0,0.63,548.1,3901955.0
693,94.0,3902162.0,970.9,R,952.7,551.5,17.0,0.87,528.7,3902178.0
694,86.0,3902325.0,949.1,R,968.9,538.7,19.0,0.64,548.6,3902343.0
695,167.0,3902569.0,952.8,R,953.1,563.4,25.0,0.87,591.7,3902593.0
696,213.0,3902792.0,1014.1,R,966.0,592.4,22.0,1.93,636.6,3902813.0
697,2619.0,3903480.0,1677.7,R,1003.0,614.4,812.0,20.0,323.8,3904291.0
698,249.0,3904425.0,899.5,R,954.1,608.1,64.0,2.1,562.4,3904488.0
699,328.0,3904628.0,1007.4,R,940.8,599.5,31.0,2.3,641.2,3904658.0
700,122.0,3904924.0,1029.0,R,1020.1,628.8,18.0,0.93,658.0,3904941.0
701,103.0,3905329.0,973.9,R,1004.9,641.7,16.0,1.05,623.3,3905344.0
702,245.0,3905950.0,1025.5,R,964.3,562.8,41.0,2.01,594.7,3905990.0
703,187.0,3906276.0,940.3,R,1032.2,590.0,26.0,2.63,590.9,3906301.0
704,159.0,3906490.0,963.2,R,948.9,589.3,27.0,0.47,582.0,3906516.0
705,59.0,3906831.0,949.2,R,964.8,580.1,8.0,0.46,576.4,3906838.0
706,282.0,3907039.0,1028.4,R,950.0,571.8,38.0,2.52,609.0,3907076.0
707,296.0,3907415.0,944.3,R,1032.2,596.2,32.0,2.74,560.7,3907446.0
708,126.0,3907722.0,966.2,R,944.7,578.0,22.0,0.62,580.0,3907743.0
709,54.0,3907937.0,961.4,R,975.3,582.0,9.0,0.43,577.0,3907945.0
710,144.0,3908369.0,977.7,R,948.8,587.2,21.0,1.43,625.5,3908389.0
711,118.0,3908764.0,951.2,R,969.8,614.4,16.0,1.14,581.6,3908779.0
712,176.0,3909032.0,1007.7,R,955.5,590.7,23.0,1.73,619.4,3909054.0
713,179.0,3909520.0,942.8,R,1004.0,605.1,22.0,1.99,574.4,3909541.0
714,117.0,3909887.0,975.6,R,946.3,576.6,20.0,1.06,597.7,3909906.0
715,137.0,3910812.0,990.0,R,962.6,606.3,21.0,0.83,614.8,3910832.0
716,129.0,3911019.0,958.6,R,990.8,610.4,22.0,1.3,580.6,3911040.0
717,128.0,3911333.0,971.0,R,954.6,578.0,21.0,1.07,609.4,3911353.0
718,97.0,3911897.0,963.9,R,958.9,609.7,22.0,0.37,598.6,3911918.0
719,145.0,3912079.0,916.3,R,966.2,604.4,18.0,1.62,579.6,3912096.0
720,160.0,3912255.0,949.2,R,914.0,582.9,23.0,1.06,593.7,3912277.0
721,77.0,3912542.0,950.9,R,953.3,585.2,16.0,0.53,602.5,3912557.0
722,123.0,3913699.0,947.0,R,917.6,556.7,21.0,0.91,545.2,3913719.0
723,44.0,3914389.0,951.9,R,946.6,562.4,7.0,0.29,570.4,3914395.0
724,67.0,3914832.0,936.6,R,951.8,605.9,9.0,0.55,595.0,3914840.0
725,201.0,3915474.0,1014.5,R,956.2,593.6,22.0,1.67,596.2,3915495.0
726,118.0,3915942.0,961.8,R,1009.8,593.6,18.0,1.39,587.6,3915959.0
727,125.0,3916671.0,987.7,R,959.7,593.9,23.0,0.91,608.2,3916693.0
728,75.0,3917092.0,940.6,R,964.1,583.0,10.0,0.68,580.1,3917101.0
729,97.0,3917504.0,956.8,R,950.4,579.5,18.0,0.2,577.1,3917521.0
730,163.0,3917971.0,1009.8,R,969.8,572.4,22.0,1.39,597.9,3917992.0
731,80.0,3918338.0,973.4,R,996.1,605.4,11.0,0.71,596.3,3918348.0
732,52.0,3918561.0,988.2,R,978.5,603.2,6.0,0.45,591.5,3918566.0
733,62.0,3918904.0,976.7,R,980.7,593.9,11.0,0.54,611.2,3918914.0
734,50.0,3919035.0,969.1,R,975.3,600.0,17.0,0.18,599.6,3919051.0
735,56.0,3919381.0,973.7,R,972.7,600.5,12.0,0.48,616.3,3919392.0
736,109.0,3919762.0,1002.7,R,969.3,619.8,15.0,0.96,619.7,3919776.0
737,79.0,3920066.0,960.1,R,985.4,613.7,13.0,0.74,617.9,3920078.0
738,102.0,3920274.0,994.1,R,957.8,621.5,18.0,1.04,622.9,3920291.0
739,185.0,3920494.0,1043.0,R,981.0,638.5,24.0,1.82,651.5,3920517.0
740,135.0,3920751.0,988.4,R,1035.8,665.6,20.0,1.46,648.4,3920770.0
741,113.0,3921338.0,925.5,R,976.5,629.9,19.0,1.46,626.8,3921356.0
742,177.0,3921587.0,957.8,R,904.1,591.1,20.0,1.57,601.9,3921606.0
743,68.0,3922112.0,957.8,R,976.0,591.1,9.0,0.55,596.6,3922120.0
744,66.0,3922717.0,959.4,R,941.4,577.2,9.0,0.55,571.3,3922725.0
745,77.0,3923615.0,943.7,R,967.4,580.1,11.0,0.7,574.3,3923625.0
746,98.0,3924458.0,958.1,R,950.9,530.2,21.0,0.37,540.1,3924478.0
747,48.0,3924929.0,965.0,R,966.3,551.5,13.0,0.43,565.5,3924941.0
748,59.0,3925374.0,978.0,R,974.1,578.4,16.0,0.15,575.0,3925389.0
749,62.0,3925679.0,979.7,R,974.8,584.7,16.0,0.6,603.7,3925694.0
750,106.0,3926074.0,950.6,R,973.1,599.9,21.0,0.87,580.7,3926094.0
751,89.0,3926543.0,988.8,R,967.3,605.5,19.0,0.64,611.6,3926561.0
752,86.0,3926841.0,955.5,R,985.5,606.0,14.0,0.9,596.9,3926854.0
753,189.0,3927105.0,1016.0,R,957.5,611.1,20.0,1.71,622.3,3927124.0
754,115.0,3927657.0,958.2,R,1004.4,639.3,21.0,1.34,633.1,3927677.0
755,166.0,3928007.0,1016.5,R,971.0,634.2,23.0,1.4,650.6,3928029.0
756,139.0,3928511.0,960.8,R,1006.6,653.8,20.0,1.43,635.3,3928530.0
757,169.0,3929438.0,997.9,R,947.4,618.0,20.0,1.45,617.1,3929457.0
758,105.0,3929881.0,958.2,R,991.7,609.4,15.0,1.04,622.7,3929895.0
759,153.0,3930256.0,1010.7,R,966.9,610.7,22.0,1.27,616.7,3930277.0
760,140.0,3930657.0,961.0,R,1008.5,619.3,18.0,1.39,610.6,3930674.0
761,88.0,3930955.0,983.5,R,966.1,607.6,19.0,0.56,615.6,3930973.0
762,86.0,3931202.0,980.2,R,980.1,622.8,16.0,0.59,642.1,3931217.0
763,163.0,3931503.0,993.1,R,957.7,639.3,23.0,1.21,617.7,3931525.0
764,84.0,3932161.0,939.8,R,975.5,611.5,18.0,1.07,621.5,3932178.0
765,134.0,3932604.0,959.0,R,931.6,590.5,20.0,0.86,579.3,3932623.0
766,126.0,3934775.0,952.8,R,982.0,508.9,22.0,0.94,495.0,3934796.0
767,125.0,3935361.0,1001.8,R,968.7,557.5,20.0,1.15,579.0,3935380.0
768,71.0,3935715.0,990.1,R,987.9,568.4,13.0,0.65,589.5,3935727.0
769,89.0,3936147.0,967.4,R,986.8,602.5,17.0,0.62,593.5,3936163.0
770,103.0,3936535.0,992.2,R,964.8,588.4,17.0,0.95,605.8,3936551.0
771,89.0,3936987.0,967.2,R,985.1,619.7,17.0,0.58,611.2,3937003.0
772,680.0,3937979.0,910.6,R,962.5,581.8,189.0,1.58,564.8,3938167.0
773,279.0,3938332.0,973.4,R,919.7,565.6,28.0,1.97,606.0,3938359.0
774,72.0,3938637.0,1009.1,R,1012.0,647.3,9.0,0.59,666.4,3938645.0
775,130.0,3938826.0,1001.3,R,981.5,643.8,21.0,0.88,666.0,3938846.0
776,112.0,3939238.0,981.8,R,989.9,649.7,19.0,1.35,606.1,3939256.0
777,64.0,3939469.0,952.6,R,966.8,602.6,10.0,0.52,591.8,3939478.0
778,182.0,3939832.0,971.5,R,947.6,575.2,27.0,1.1,603.2,3939858.0
779,99.0,3940354.0,941.6,R,956.9,602.0,18.0,1.03,571.5,3940371.0
780,184.0,3940661.0,961.3,R,939.3,593.3,27.0,1.61,641.8,3940687.0
781,124.0,3941180.0,972.2,R,974.1,628.3,22.0,1.61,575.6,3941201.0
782,71.0,3941516.0,947.6,R,959.4,581.9,17.0,0.69,601.6,3941532.0
783,94.0,3941996.0,967.2,R,952.3,593.9,19.0,0.47,587.2,3942014.0
784,90.0,3942226.0,943.4,R,970.2,594.1,11.0,0.83,583.4,3942236.0
785,114.0,3942480.0,972.1,R,945.3,567.9,22.0,1.03,590.2,3942501.0
786,47.0,3942763.0,949.6,R,957.2,575.2,5.0,0.22,576.7,3942767.0
787,106.0,3942970.0,972.0,R,959.1,579.5,15.0,1.08,612.7,3942984.0
788,136.0,3943236.0,937.2,R,968.3,590.2,23.0,1.19,564.4,3943258.0
789,97.0,3943501.0,948.5,R,927.8,564.0,21.0,0.64,571.6,3943521.0
790,80.0,3943830.0,952.9,R,949.8,562.0,17.0,0.93,592.3,3943846.0
791,119.0,3944097.0,978.0,R,957.4,589.3,18.0,1.0,615.7,3944114.0
792,85.0,3944367.0,956.1,R,970.7,617.8,18.0,0.82,594.9,3944384.0
793,146.0,3944689.0,990.4,R,954.5,590.2,22.0,1.25,613.4,3944710.0
794,99.0,3945054.0,957.4,R,990.2,615.5,15.0,0.97,607.1,3945068.0
795,169.0,3946183.0,974.0,R,933.3,571.7,24.0,1.18,578.2,3946206.0
796,118.0,3946427.0,989.4,R,972.0,575.3,22.0,1.0,603.5,3946448.0
797,259.0,3946704.0,926.2,R,995.6,590.8,25.0,2.62,535.0,3946728.0
798,131.0,3946994.0,978.3,R,947.5,551.3,19.0,1.11,573.1,3947012.0
799,124.0,3947392.0,965.0,R,950.8,581.9,22.0,1.36,624.5,3947413.0
800,103.0,3948385.0,944.2,R,963.1,617.6,15.0,1.11,585.9,3948399.0
801,149.0,3949532.0,976.6,R,926.0,589.7,20.0,1.59,611.4,3949551.0
802,47.0,3953061.0,933.4,R,925.7,525.1,6.0,0.3,531.7,3953066.0
803,80.0,3953552.0,962.3,R,953.7,584.8,18.0,0.27,588.3,3953569.0
804,133.0,3953834.0,937.4,R,965.7,581.9,22.0,0.89,570.1,3953855.0
805,115.0,3954025.0,956.2,R,930.1,577.6,20.0,0.75,576.3,3954044.0
806,62.0,3954251.0,943.5,R,954.6,588.5,15.0,0.33,585.4,3954265.0
807,134.0,3954744.0,991.2,R,961.1,596.1,22.0,0.86,597.1,3954765.0
808,87.0,3954949.0,968.0,R,988.4,602.0,19.0,0.58,602.0,3954967.0
809,123.0,3955309.0,985.6,R,968.8,605.7,22.0,0.93,631.9,3955330.0
810,72.0,3955757.0,955.5,R,969.9,600.2,17.0,0.55,588.5,3955773.0
811,54.0,3956382.0,949.5,R,961.0,590.3,6.0,0.33,588.9,3956387.0
812,162.0,3956636.0,987.2,R,951.1,593.3,23.0,1.15,609.7,3956658.0
813,206.0,3956854.0,1056.6,R,979.3,605.8,22.0,2.22,607.0,3956875.0
814,234.0,3957790.0,892.7,R,1014.6,591.0,30.0,3.52,577.5,3957819.0
815,106.0,3958048.0,937.0,R,919.7,576.9,22.0,0.61,588.4,3958069.0
816,63.0,3958450.0,946.8,R,963.0,584.9,8.0,0.48,589.4,3958457.0
817,102.0,3958904.0,964.2,R,942.2,587.3,20.0,0.79,602.8,3958923.0
818,62.0,3959534.0,931.6,R,946.4,595.7,8.0,0.47,588.8,3959541.0
819,69.0,3959771.0,948.8,R,940.4,573.1,18.0,0.25,571.0,3959788.0
820,130.0,3960151.0,983.0,R,961.8,573.9,21.0,0.86,593.7,3960171.0
821,46.0,3960377.0,968.4,R,968.2,588.2,11.0,0.27,597.0,3960387.0
822,88.0,3960460.0,963.7,R,966.5,588.4,13.0,0.76,613.0,3960472.0
823,99.0,3960793.0,968.5,R,959.3,621.6,14.0,0.95,591.7,3960806.0
824,54.0,3961422.0,959.3,R,969.5,611.7,6.0,0.35,618.2,3961427.0
825,46.0,3962187.0,953.4,R,961.9,597.5,6.0,0.31,591.0,3962192.0
826,102.0,3962513.0,974.0,R,953.8,593.7,24.0,0.93,617.5,3962536.0
827,49.0,3962836.0,965.7,R,979.6,608.0,7.0,0.4,610.1,3962842.0
828,126.0,3963979.0,965.0,R,918.1,583.8,19.0,1.46,602.2,3963997.0
829,114.0,3964474.0,918.3,R,955.6,593.5,21.0,1.08,599.0,3964494.0
830,111.0,3965027.0,955.4,R,926.7,576.6,22.0,0.85,583.9,3965048.0
831,116.0,3965509.0,977.0,R,933.5,595.2,16.0,1.25,594.6,3965524.0
832,182.0,3965837.0,901.9,R,975.3,568.1,25.0,2.12,560.1,3965861.0
833,144.0,3966317.0,971.4,R,918.6,540.9,20.0,1.68,564.5,3966336.0
834,165.0,3970380.0,936.8,R,915.0,520.9,25.0,0.75,507.5,3970404.0
835,64.0,3970694.0,911.8,R,931.2,496.7,11.0,0.59,490.1,3970704.0
836,134.0,3971095.0,958.4,R,950.9,519.3,27.0,0.6,537.7,3971121.0
837,51.0,3971556.0,937.8,R,948.9,539.5,9.0,0.42,548.4,3971564.0
838,96.0,3971957.0,953.5,R,937.5,534.3,21.0,0.53,543.3,3971977.0
839,95.0,3972186.0,944.2,R,962.0,537.8,18.0,0.63,525.7,3972203.0
840,149.0,3972595.0,993.6,R,961.7,527.6,25.0,1.11,548.4,3972619.0
841,105.0,3972838.0,960.7,R,992.0,548.0,21.0,0.95,538.2,3972858.0
842,147.0,3973499.0,990.4,R,962.6,574.3,23.0,0.86,584.6,3973521.0
843,112.0,3973710.0,958.7,R,987.3,576.4,20.0,0.85,568.6,3973729.0
844,101.0,3974079.0,965.7,R,954.9,564.3,21.0,0.7,584.9,3974099.0
845,49.0,3974498.0,934.8,R,947.7,589.9,10.0,0.44,582.0,3974507.0
846,155.0,3974922.0,953.7,R,939.4,581.0,28.0,0.41,579.8,3974949.0
847,76.0,3975172.0,930.4,R,948.4,576.1,16.0,0.53,572.5,3975187.0
848,90.0,3975464.0,952.6,R,932.0,564.7,20.0,0.59,564.5,3975483.0
849,66.0,3976028.0,941.8,R,940.0,556.9,17.0,0.46,571.9,3976044.0
850,110.0,3976534.0,970.9,R,947.6,562.8,23.0,0.7,556.1,3976556.0
851,66.0,3976881.0,947.2,R,966.3,560.3,9.0,0.55,558.6,3976889.0
852,77.0,3977185.0,954.5,R,940.9,568.1,20.0,0.41,564.4,3977204.0
853,59.0,3977734.0,945.2,R,947.7,571.9,8.0,0.44,586.2,3977741.0
854,93.0,3978178.0,960.5,R,955.4,585.5,21.0,0.15,585.7,3978198.0
855,74.0,3978767.0,951.8,R,974.4,571.0,11.0,0.71,580.3,3978777.0
856,90.0,3979100.0,963.3,R,954.8,593.4,19.0,0.52,578.2,3979118.0
857,64.0,3979372.0,960.2,R,961.6,575.9,16.0,0.56,594.2,3979387.0
858,134.0,3979663.0,987.7,R,958.6,584.7,22.0,1.02,604.1,3979684.0
859,73.0,3980097.0,983.2,R,996.3,614.6,18.0,0.55,601.6,3980114.0
860,48.0,3981248.0,964.0,R,970.3,588.6,8.0,0.38,599.6,3981255.0
861,120.0,3981915.0,963.8,R,949.7,580.2,25.0,0.8,602.9,3981939.0
862,98.0,3982343.0,952.9,R,975.2,584.8,18.0,0.66,579.9,3982360.0
863,138.0,3982672.0,997.3,R,957.8,594.5,23.0,1.21,608.2,3982694.0
864,71.0,3983255.0,976.2,R,979.8,612.1,12.0,0.69,634.5,3983266.0
865,101.0,3983668.0,936.2,R,951.0,624.8,23.0,0.99,595.7,3983690.0
866,166.0,3983893.0,986.4,R,933.3,604.7,22.0,1.69,628.7,3983914.0
867,271.0,3984509.0,933.4,R,986.0,591.0,29.0,1.84,556.7,3984537.0
868,98.0,3984748.0,962.1,R,933.5,567.4,15.0,0.89,578.6,3984762.0
869,90.0,3985465.0,979.7,R,963.6,583.3,16.0,0.49,578.4,3985480.0
870,42.0,3986303.0,964.4,R,967.7,553.2,8.0,0.29,562.3,3986310.0
871,108.0,3986770.0,958.2,R,979.1,580.3,18.0,0.87,559.5,3986787.0
872,85.0,3987018.0,966.7,R,958.6,573.7,19.0,0.3,580.0,3987036.0
873,46.0,3987469.0,975.8,R,969.8,583.2,6.0,0.32,591.9,3987474.0
874,59.0,3988412.0,979.6,R,975.0,587.9,12.0,0.42,601.1,3988423.0
875,97.0,3988705.0,991.2,R,975.5,592.3,18.0,0.91,618.3,3988722.0
876,101.0,3989084.0,957.6,R,973.3,601.6,17.0,0.95,574.1,3989100.0
877,88.0,3989332.0,971.9,R,952.9,571.3,17.0,0.67,584.3,3989348.0
878,46.0,3989693.0,977.0,R,976.4,597.0,15.0,0.19,603.3,3989707.0
879,212.0,3990004.0,1015.7,R,978.3,604.9,23.0,2.28,670.8,3990026.0
880,203.0,3990355.0,945.2,R,1002.0,628.3,20.0,2.28,576.3,3990374.0
881,84.0,3990582.0,981.5,R,959.5,576.4,11.0,0.79,592.2,3990592.0
882,84.0,3991138.0,995.1,R,983.7,600.2,13.0,0.83,625.3,3991150.0
883,113.0,3991637.0,1011.4,R,969.7,603.2,18.0,1.21,609.7,3991654.0
884,115.0,3992255.0,956.0,R,982.5,595.1,20.0,0.83,584.5,3992274.0
885,46.0,3994719.0,956.0,R,961.2,592.1,16.0,0.28,584.2,3994734.0
886,90.0,3995197.0,978.0,R,971.7,594.2,17.0,0.2,597.0,3995213.0
887,52.0,3995862.0,975.8,R,984.0,603.1,15.0,0.43,614.8,3995876.0
888,99.0,3996238.0,982.0,R,968.6,597.1,19.0,0.39,598.6,3996256.0
889,77.0,3996411.0,964.5,R,985.5,591.6,13.0,0.67,581.6,3996423.0
890,105.0,3997013.0,963.6,R,964.0,579.2,27.0,0.65,600.5,3997039.0
891,131.0,3997488.0,977.3,R,951.9,571.1,22.0,0.85,585.3,3997509.0
892,96.0,3997839.0,943.5,R,976.5,595.6,16.0,0.97,602.9,3997854.0
893,112.0,3998098.0,969.7,R,949.8,599.1,23.0,0.63,608.2,3998120.0
894,55.0,3998543.0,974.4,R,977.6,605.3,19.0,0.13,602.2,3998561.0
895,60.0,3999114.0,981.4,R,973.0,607.8,5.0,0.25,609.6,3999118.0
896,47.0,3999759.0,988.9,R,980.3,604.9,6.0,0.29,600.1,3999764.0
897,193.0,3999943.0,1019.2,R,976.2,600.6,22.0,1.29,613.4,3999964.0
898,157.0,4000327.0,969.2,R,1023.4,616.1,19.0,1.59,604.3,4000345.0
899,115.0,4000848.0,981.5,R,969.9,599.2,24.0,1.49,646.6,4000871.0
900,131.0,4001219.0,974.5,R,986.1,633.4,29.0,1.69,579.1,4001247.0
901,74.0,4001528.0,978.4,R,974.6,594.6,17.0,0.72,617.9,4001544.0
902,94.0,4002058.0,971.8,R,983.2,622.4,14.0,0.89,595.5,4002071.0
903,101.0,4002318.0,975.1,R,969.8,599.8,17.0,1.06,634.1,4002334.0
904,94.0,4003523.0,984.2,R,953.5,615.5,17.0,0.88,618.3,4003539.0
905,104.0,4005409.0,957.2,R,945.5,606.3,23.0,0.5,618.6,4005431.0
906,65.0,4005885.0,958.3,R,946.6,591.4,17.0,0.55,605.8,4005901.0
907,77.0,4006899.0,967.7,R,967.3,577.5,19.0,0.45,592.3,4006917.0
908,72.0,4008168.0,962.6,R,972.1,592.3,9.0,0.61,574.3,4008176.0
909,130.0,4008833.0,985.3,R,958.8,584.2,23.0,0.79,591.2,4008855.0
910,83.0,4009084.0,950.2,R,977.1,593.4,13.0,0.8,586.0,4009096.0
911,101.0,4009631.0,978.8,R,966.8,602.2,21.0,0.4,608.7,4009651.0
912,2148.0,4011139.0,866.3,R,966.4,587.9,1138.0,4.46,475.7,4012276.0
913,511.0,4012374.0,881.8,R,930.0,457.9,38.0,3.54,565.0,4012411.0
914,288.0,4012552.0,976.1,R,917.8,590.0,30.0,2.03,627.9,4012581.0
915,124.0,4013345.0,961.0,R,945.0,593.3,21.0,0.61,606.4,4013365.0
916,96.0,4014178.0,974.0,R,944.1,567.3,14.0,0.88,573.3,4014191.0
917,86.0,4015345.0,941.6,R,933.2,528.2,21.0,0.51,542.8,4015365.0
918,145.0,4015720.0,968.6,R,930.4,539.5,22.0,1.4,567.9,4015741.0
919,198.0,4015978.0,911.1,R,957.8,573.7,28.0,1.43,557.5,4016005.0
920,69.0,4017182.0,944.6,R,944.4,561.7,18.0,0.44,547.2,4017199.0
921,110.0,4017674.0,971.7,R,950.1,535.2,21.0,0.62,534.8,4017694.0
922,71.0,4017966.0,937.3,R,960.2,537.4,10.0,0.67,533.3,4017975.0
923,153.0,4018218.0,992.9,R,944.8,560.5,24.0,1.53,582.5,4018241.0
924,110.0,4018652.0,948.7,R,977.7,592.1,21.0,0.96,576.4,4018672.0
925,146.0,4019323.0,997.0,R,958.3,589.3,24.0,1.36,615.2,4019346.0
926,90.0,4019574.0,960.8,R,992.2,600.8,14.0,0.94,591.9,4019587.0
927,150.0,4020194.0,1002.3,R,976.7,551.9,29.0,0.92,570.1,4020222.0
928,127.0,4020418.0,965.1,R,1007.8,568.4,20.0,1.43,544.3,4020437.0
929,71.0,4020749.0,968.7,R,964.2,562.1,19.0,0.13,563.3,4020767.0
930,129.0,4021166.0,985.0,R,968.9,569.2,24.0,0.87,593.2,4021189.0
931,81.0,4021427.0,965.6,R,979.2,594.5,13.0,0.85,569.7,4021439.0
932,69.0,4021808.0,977.3,R,980.3,565.0,9.0,0.58,583.6,4021816.0
933,149.0,4022183.0,988.9,R,976.1,576.5,25.0,0.53,564.1,4022207.0
934,70.0,4022451.0,966.8,R,986.5,561.5,10.0,0.58,557.0,4022460.0
935,53.0,4023257.0,943.8,R,958.5,554.2,8.0,0.42,556.0,4023264.0
936,91.0,4023519.0,970.3,R,950.0,552.4,20.0,0.58,550.5,4023538.0
937,139.0,4024062.0,977.3,R,956.6,564.7,22.0,1.03,592.1,4024083.0
938,89.0,4024416.0,954.4,R,979.6,597.0,11.0,0.8,585.7,4024426.0
939,121.0,4024811.0,964.9,R,943.2,564.3,21.0,0.87,544.5,4024831.0
940,62.0,4025057.0,953.8,R,964.3,546.5,17.0,0.48,558.9,4025073.0
941,101.0,4025312.0,988.4,R,953.1,554.8,17.0,1.04,562.8,4025328.0
942,55.0,4025601.0,958.4,R,970.1,568.0,15.0,0.41,575.8,4025615.0
943,116.0,4025751.0,1001.0,R,965.6,580.6,17.0,1.24,603.9,4025767.0
944,94.0,4026015.0,971.6,R,990.8,608.2,12.0,0.85,586.8,4026026.0
945,151.0,4026587.0,988.2,R,959.4,595.3,26.0,1.26,626.5,4026612.0
946,120.0,4026953.0,953.4,R,983.5,612.7,17.0,1.08,591.4,4026969.0
947,188.0,4027311.0,993.6,R,956.6,589.8,30.0,1.5,624.5,4027340.0
948,129.0,4027755.0,937.1,R,978.5,602.1,19.0,1.47,573.7,4027773.0
949,56.0,4028006.0,953.5,R,949.6,580.1,13.0,0.65,559.3,4028018.0
950,132.0,4028246.0,966.9,R,955.2,575.5,25.0,1.37,619.0,4028270.0
951,50.0,4028690.0,971.2,R,967.2,613.9,12.0,0.54,596.7,4028701.0
952,132.0,4028983.0,1001.4,R,959.1,599.2,21.0,1.38,620.8,4029003.0
953,146.0,4029652.0,937.6,R,988.5,612.9,22.0,1.47,607.1,4029673.0
954,140.0,4029934.0,982.0,R,943.8,626.6,22.0,1.1,623.6,4029955.0
955,129.0,4030488.0,999.0,R,975.1,600.9,21.0,1.05,627.0,4030508.0
956,178.0,4030984.0,937.4,R,1000.1,627.4,21.0,2.12,590.6,4031004.0
957,84.0,4031493.0,973.6,R,962.6,589.1,18.0,0.38,582.2,4031510.0
958,85.0,4032132.0,988.8,R,961.2,606.3,13.0,0.79,603.7,4032144.0
959,75.0,4032409.0,962.1,R,981.4,600.6,8.0,0.57,596.3,4032416.0
960,56.0,4032773.0,961.8,R,974.6,606.6,6.0,0.37,605.3,4032778.0
961,98.0,4033165.0,988.6,R,964.7,615.7,21.0,0.73,624.1,4033185.0
962,78.0,4033415.0,970.5,R,990.4,611.6,18.0,0.61,618.8,4033432.0
963,74.0,4033768.0,981.5,R,973.2,623.3,17.0,0.5,637.5,4033784.0
964,104.0,4034255.0,980.5,R,967.0,613.4,21.0,0.39,612.0,4034275.0
965,49.0,4035274.0,950.1,R,954.9,586.8,9.0,0.4,599.2,4035282.0
966,103.0,4035599.0,973.2,R,959.3,598.3,20.0,0.4,597.0,4035618.0
967,43.0,4036120.0,976.8,R,971.1,562.3,10.0,0.34,552.4,4036129.0
968,56.0,4036323.0,978.3,R,984.0,553.5,12.0,0.52,569.5,4036334.0
969,104.0,4037506.0,983.8,R,962.7,587.9,21.0,0.61,586.2,4037526.0
970,85.0,4038272.0,937.5,R,968.6,580.0,16.0,0.9,584.0,4038287.0
971,92.0,4038467.0,971.6,R,946.0,577.7,16.0,0.74,575.2,4038482.0
972,49.0,4039254.0,961.9,R,956.3,579.5,6.0,0.27,586.4,4039259.0
973,54.0,4039461.0,952.2,R,954.1,552.8,6.0,0.38,565.1,4039466.0
974,91.0,4039562.0,966.3,R,956.4,545.3,18.0,0.66,564.7,4039579.0
975,87.0,4041068.0,963.7,R,960.4,569.1,19.0,0.37,580.7,4041086.0
976,88.0,4041542.0,988.4,R,971.9,587.1,21.0,0.79,607.7,4041562.0
977,70.0,4042468.0,966.3,R,967.0,603.4,12.0,0.62,623.5,4042479.0
978,90.0,4042854.0,958.9,R,956.0,603.0,20.0,0.37,591.1,4042873.0
979,55.0,4043318.0,974.0,R,961.6,589.0,8.0,0.38,585.0,4043325.0
980,75.0,4043589.0,948.9,R,968.5,593.0,16.0,0.66,581.6,4043604.0
981,110.0,4043837.0,977.5,R,946.2,585.8,22.0,1.12,607.7,4043858.0
982,67.0,4044164.0,958.8,R,978.3,608.7,11.0,0.63,599.2,4044174.0
983,99.0,4044470.0,985.0,R,954.0,601.6,18.0,0.94,612.1,4044487.0
984,71.0,4044803.0,971.2,R,987.2,616.9,16.0,0.5,610.7,4044818.0
985,69.0,4045699.0,964.8,R,959.1,586.3,16.0,0.32,577.2,4045714.0
986,131.0,4045910.0,980.8,R,962.3,588.2,22.0,0.54,585.5,4045931.0
987,78.0,4046095.0,985.4,R,980.4,592.1,17.0,0.28,584.3,4046111.0
988,88.0,4046257.0,965.5,R,985.9,591.7,16.0,0.59,588.4,4046272.0
989,51.0,4046555.0,954.6,R,963.6,591.5,11.0,0.52,606.3,4046565.0
990,74.0,4046869.0,942.8,R,951.9,593.2,11.0,0.7,614.3,4046879.0
991,94.0,4047353.0,992.7,R,959.5,598.0,13.0,0.97,592.5,4047365.0
992,121.0,4047762.0,1018.6,R,980.7,576.6,17.0,1.21,594.0,4047778.0
993,122.0,4048941.0,944.2,R,976.3,574.7,22.0,0.94,568.4,4048962.0
994,110.0,4049538.0,978.0,R,960.5,553.8,20.0,0.57,545.1,4049557.0
995,92.0,4050160.0,1002.5,R,972.2,574.9,13.0,0.87,575.3,4050172.0
996,50.0,4050557.0,958.0,R,968.9,555.4,16.0,0.35,560.5,4050572.0
997,101.0,4051156.0,955.0,R,946.1,570.4,24.0,0.53,585.6,4051179.0
998,137.0,4052049.0,1010.1,R,968.6,601.4,22.0,1.2,606.2,4052070.0
999,104.0,4052224.0,974.2,R,1009.1,614.8,15.0,1.07,602.1,4052238.0
1000,49.0,4052694.0,974.3,R,965.1,606.8,7.0,0.35,614.3,4052700.0
1001,116.0,4053104.0,970.0,R,968.5,610.4,19.0,0.94,641.1,4053122.0
1002,152.0,4053480.0,972.9,R,979.3,636.5,20.0,1.6,584.4,4053499.0
1003,63.0,4053824.0,957.1,R,956.3,591.4,10.0,0.58,610.2,4053833.0
1004,122.0,4054222.0,981.3,R,955.5,594.9,21.0,0.75,599.6,4054242.0
1005,55.0,4054478.0,957.7,R,971.1,587.0,7.0,0.4,583.3,4054484.0
1006,82.0,4054959.0,967.9,R,951.1,567.6,18.0,0.53,575.2,4054976.0
1007,86.0,4056041.0,965.3,R,949.9,556.9,18.0,0.61,570.6,4056058.0
1008,57.0,4056482.0,949.1,R,958.3,573.9,7.0,0.42,563.1,4056488.0
1009,85.0,4056909.0,980.8,R,951.0,548.6,15.0,0.93,560.5,4056923.0
1010,65.0,4057243.0,944.5,R,962.2,571.0,9.0,0.55,563.7,4057251.0
1011,87.0,4057609.0,975.6,R,955.3,586.6,19.0,0.58,586.3,4057627.0
1012,135.0,4057882.0,1001.4,R,965.1,591.8,22.0,1.11,604.4,4057903.0
1013,86.0,4058205.0,969.4,R,992.3,613.0,19.0,0.66,610.0,4058223.0
1014,87.0,4059765.0,970.0,R,964.0,613.8,18.0,0.79,588.7,4059782.0
1015,49.0,4060181.0,956.6,R,952.4,595.3,16.0,0.13,596.8,4060196.0
1016,127.0,4060662.0,989.7,R,960.8,597.7,21.0,0.9,608.9,4060682.0
1017,54.0,4061011.0,997.6,R,994.5,611.6,8.0,0.4,624.4,4061018.0
1018,81.0,4061439.0,984.2,R,998.0,617.4,12.0,0.79,595.0,4061450.0
1019,98.0,4062239.0,978.9,R,976.2,608.1,16.0,0.77,633.2,4062254.0
1020,135.0,4062545.0,934.7,R,955.4,613.9,19.0,1.39,572.8,4062563.0
1021,111.0,4063068.0,966.9,R,940.8,583.5,22.0,0.79,592.1,4063089.0
1022,56.0,4063335.0,943.0,R,955.6,597.5,7.0,0.38,593.3,4063341.0
1023,112.0,4063588.0,972.1,R,944.7,590.6,21.0,0.81,597.1,4063608.0
1024,75.0,4063833.0,955.3,R,975.8,587.4,19.0,0.66,597.5,4063851.0
1025,151.0,4064494.0,1007.0,R,970.0,607.1,24.0,1.08,613.5,4064517.0
1026,110.0,4064822.0,978.3,R,1008.2,618.7,20.0,0.87,623.7,4064841.0
1027,168.0,4065087.0,1025.0,R,979.1,632.9,21.0,1.32,633.3,4065107.0
1028,127.0,4065344.0,975.8,R,1020.2,626.5,17.0,1.34,612.3,4065360.0
1029,106.0,4066326.0,1002.8,R,966.6,591.3,19.0,1.05,597.1,4066344.0
1030,141.0,4068194.0,1017.7,R,969.7,577.2,20.0,1.38,577.7,4068213.0
1031,138.0,4068552.0,977.1,R,1018.1,568.0,23.0,1.18,571.4,4068574.0
1032,56.0,4069015.0,965.5,R,971.9,576.7,19.0,0.42,589.1,4069033.0
1033,193.0,4069481.0,1031.1,R,960.1,579.7,21.0,2.04,577.8,4069501.0
1034,129.0,4069939.0,960.2,R,1001.5,575.6,20.0,1.28,591.8,4069958.0
1035,171.0,4070433.0,1035.9,R,975.1,582.5,18.0,1.74,583.0,4070450.0
1036,117.0,4070872.0,972.0,R,1027.7,582.5,19.0,1.6,581.3,4070890.0
1037,57.0,4073414.0,945.7,R,942.0,553.2,9.0,0.48,537.9,4073422.0
1038,139.0,4073933.0,997.5,R,967.3,565.4,22.0,0.98,580.6,4073954.0
1039,136.0,4074575.0,952.4,R,996.2,578.0,23.0,1.26,578.4,4074597.0
1040,44.0,4074884.0,951.8,R,952.7,571.0,14.0,0.37,559.0,4074897.0
1041,114.0,4075234.0,962.0,R,943.4,560.4,19.0,0.78,579.2,4075252.0
1042,182.0,4075804.0,999.0,R,967.8,582.7,23.0,1.1,603.5,4075826.0
1043,138.0,4076168.0,952.4,R,1000.5,597.4,21.0,1.55,574.4,4076188.0
1044,148.0,4076533.0,993.5,R,957.8,583.4,21.0,1.05,591.2,4076553.0
1045,69.0,4076943.0,956.4,R,970.4,593.1,10.0,0.57,606.2,4076952.0
1046,59.0,4077481.0,953.2,R,956.6,592.7,17.0,0.36,581.4,4077497.0
1047,57.0,4077850.0,943.4,R,939.4,572.7,10.0,0.41,559.7,4077859.0
1048,81.0,4078283.0,953.8,R,950.3,563.2,16.0,0.77,588.2,4078298.0
1049,58.0,4079046.0,945.0,R,961.0,580.0,9.0,0.49,574.5,4079054.0
1050,105.0,4079349.0,961.2,R,937.3,563.4,25.0,0.87,580.9,4079373.0
1051,142.0,4079741.0,996.7,R,954.3,583.9,19.0,1.35,602.9,4079759.0
1052,113.0,4081283.0,952.0,R,984.4,581.0,21.0,1.05,564.7,4081303.0
1053,167.0,4081977.0,999.6,R,940.4,563.8,20.0,1.8,583.8,4081996.0
1054,181.0,4082278.0,940.6,R,1002.8,579.6,23.0,1.92,556.2,4082300.0
1055,92.0,4083509.0,948.9,R,953.3,571.5,21.0,0.13,570.0,4083529.0
1056,145.0,4084246.0,978.9,R,941.0,565.4,21.0,1.15,577.8,4084266.0
1057,115.0,4084491.0,938.6,R,973.3,582.4,20.0,1.01,576.0,4084510.0
1058,74.0,4084971.0,994.4,R,973.1,590.1,23.0,0.67,581.2,4084993.0
1059,91.0,4085180.0,982.2,R,1012.4,612.8,12.0,0.87,611.2,4085191.0
1060,168.0,4085748.0,1018.5,R,974.4,616.9,23.0,1.31,628.8,4085770.0
1061,146.0,4086175.0,1040.9,R,1000.7,618.8,23.0,1.25,635.0,4086197.0
1062,201.0,4086445.0,960.3,R,1032.7,624.0,22.0,2.25,595.6,4086466.0
1063,118.0,4086737.0,991.7,R,971.2,597.4,23.0,0.6,600.6,4086759.0
1064,51.0,4086954.0,978.2,R,989.2,602.0,7.0,0.32,601.2,4086960.0
1065,135.0,4087227.0,1019.9,R,980.2,617.6,20.0,1.2,630.1,4087246.0
1066,58.0,4087464.0,994.9,R,1009.2,636.9,8.0,0.46,630.2,4087471.0
1067,65.0,4087978.0,968.0,R,987.1,627.7,10.0,0.56,623.9,4087987.0
1068,108.0,4088256.0,981.4,R,962.7,614.7,20.0,0.56,619.9,4088275.0
1069,302.0,4088450.0,1196.8,R,987.1,627.2,46.0,6.18,679.6,4088495.0
1070,565.0,4088658.0,965.1,R,1181.4,672.6,28.0,6.41,614.7,4088685.0
1071,135.0,4089066.0,1004.9,R,970.5,603.4,22.0,1.05,615.6,4089087.0
1072,150.0,4089386.0,949.2,R,996.6,600.6,22.0,1.4,589.3,4089407.0
1073,123.0,4089592.0,970.9,R,939.0,580.9,21.0,0.95,589.5,4089612.0
1074,171.0,4089993.0,1003.7,R,963.2,582.1,23.0,1.88,630.5,4090015.0
1075,202.0,4090254.0,935.9,R,994.2,623.2,24.0,1.93,591.4,4090277.0
1076,88.0,4090444.0,958.3,R,934.0,601.3,11.0,0.7,603.2,4090454.0
1077,132.0,4091587.0,1009.0,R,970.3,586.0,24.0,1.23,603.3,4091610.0
1078,137.0,4092036.0,940.6,R,982.8,583.9,17.0,1.28,597.4,4092052.0
1079,128.0,4093865.0,1012.3,R,968.7,583.8,18.0,1.26,589.8,4093882.0
1080,91.0,4094289.0,968.7,R,1002.7,565.5,15.0,0.98,562.2,4094303.0
1081,62.0,4095437.0,969.7,R,980.8,596.2,16.0,0.33,593.3,4095452.0
1082,106.0,4095627.0,985.8,R,966.7,593.6,21.0,0.59,600.7,4095647.0
1083,82.0,4095963.0,964.2,R,983.2,603.5,19.0,0.55,604.5,4095981.0
1084,107.0,4096166.0,977.1,R,958.8,605.4,20.0,0.56,611.5,4096185.0
1085,83.0,4096740.0,984.3,R,958.6,602.2,12.0,0.74,603.4,4096751.0
1086,2876.0,4096890.0,936.6,R,972.2,596.8,380.0,1.29,622.7,4097269.0
1087,276.0,4097444.0,960.7,R,901.5,611.2,28.0,1.7,605.8,4097471.0
1088,148.0,4098363.0,977.2,R,947.0,605.6,22.0,0.91,614.8,4098384.0
1089,87.0,4098599.0,934.9,R,964.4,604.0,13.0,0.88,596.0,4098611.0
1090,175.0,4098869.0,981.7,R,946.1,583.5,24.0,1.42,616.0,4098892.0
1091,91.0,4099097.0,960.9,R,986.4,605.9,15.0,0.89,589.3,4099111.0
1092,64.0,4099549.0,970.8,R,965.7,578.8,17.0,0.18,575.2,4099565.0
1093,174.0,4099838.0,1001.6,R,961.5,582.5,24.0,1.29,601.8,4099861.0
1094,149.0,4100082.0,956.8,R,995.6,596.9,23.0,1.16,586.4,4100104.0
1095,72.0,4100397.0,979.2,R,964.0,583.3,16.0,0.47,589.1,4100412.0
1096,66.0,4100909.0,979.7,R,987.2,584.0,16.0,0.41,595.4,4100924.0
1097,104.0,4101471.0,988.8,R,957.1,585.7,21.0,0.94,593.1,4101491.0
1098,118.0,4105344.0,978.7,R,958.1,601.1,20.0,0.68,612.2,4105363.0
1099,81.0,4105629.0,968.8,R,984.8,603.4,18.0,0.53,594.6,4105646.0
1100,120.0,4105952.0,995.0,R,980.0,592.2,22.0,0.65,608.1,4105973.0
1101,51.0,4106353.0,974.8,R,988.7,605.3,8.0,0.41,602.3,4106360.0
1102,2407.0,4106571.0,909.5,R,976.9,610.1,346.0,1.97,622.5,4106916.0
1103,295.0,4106995.0,969.9,R,916.3,630.1,36.0,1.54,627.0,4107030.0
1104,173.0,4107203.0,1005.5,R,978.1,619.8,27.0,1.21,649.7,4107229.0
1105,57.0,4107717.0,994.0,R,991.5,627.8,17.0,0.35,639.1,4107733.0
1106,81.0,4107978.0,989.7,R,986.5,624.5,18.0,0.42,611.0,4107995.0
1107,82.0,4108704.0,946.8,R,948.9,576.2,17.0,0.66,554.8,4108720.0
1108,190.0,4109094.0,868.7,R,945.6,560.4,25.0,2.46,524.6,4109118.0
1109,326.0,4109263.0,982.1,R,895.5,552.9,32.0,2.56,573.1,4109294.0
1110,90.0,4109977.0,935.5,R,959.9,577.3,19.0,0.73,584.0,4109995.0
1111,109.0,4110194.0,954.6,R,931.6,580.8,19.0,0.66,578.3,4110212.0
1112,110.0,4110584.0,928.4,R,931.7,557.5,25.0,0.43,571.1,4110608.0
1113,89.0,4110872.0,957.5,R,936.2,560.3,19.0,0.61,562.2,4110890.0
1114,104.0,4111297.0,975.4,R,955.9,565.0,20.0,0.73,580.4,4111316.0
1115,58.0,4111641.0,970.4,R,979.6,581.6,17.0,0.3,576.9,4111657.0
1116,140.0,4111997.0,941.9,R,978.3,566.9,24.0,1.04,565.8,4112020.0
1117,159.0,4112176.0,981.8,R,943.5,560.2,22.0,1.1,558.9,4112197.0
1118,79.0,4113692.0,991.3,R,980.4,581.9,16.0,0.47,593.2,4113707.0
1119,130.0,4114046.0,1024.9,R,990.2,602.2,22.0,1.0,604.0,4114067.0
1120,204.0,4114634.0,931.7,R,992.7,600.8,25.0,1.8,586.7,4114658.0
1121,114.0,4114802.0,970.6,R,932.4,577.7,18.0,1.1,581.1,4114819.0
